Date,InvoiceLineId,InvoiceId,TrackId,Track,UnitPrice,Quantity,Revenue,GenreId,Genre,CustomerId,Customer,Country,EmployeeId,EmployeeName
"2021-01-01 00:00:00",1,1,2,"Balls to the Wall",0.99,1,0.99,1,Rock,2,"Leonie Köhler",Germany,5,"Steve Johnson"
"2021-01-01 00:00:00",2,1,4,"Restless and Wild",0.99,1,0.99,1,Rock,2,"Leonie Köhler",Germany,5,"Steve Johnson"
"2021-01-02 00:00:00",3,2,6,"Put The Finger On You",0.99,1,0.99,1,Rock,4,"Bjørn Hansen",Norway,4,"Margaret Park"
"2021-01-02 00:00:00",4,2,8,"Inject The Venom",0.99,1,0.99,1,Rock,4,"Bjørn Hansen",Norway,4,"Margaret Park"
"2021-01-02 00:00:00",5,2,10,"Evil Walks",0.99,1,0.99,1,Rock,4,"Bjørn Hansen",Norway,4,"Margaret Park"
"2021-01-02 00:00:00",6,2,12,"Breaking The Rules",0.99,1,0.99,1,Rock,4,"Bjørn Hansen",Norway,4,"Margaret Park"
"2021-01-03 00:00:00",7,3,16,"Dog Eat Dog",0.99,1,0.99,1,Rock,8,"Daan Peeters",Belgium,4,"Margaret Park"
"2021-01-03 00:00:00",8,3,20,Overdose,0.99,1,0.99,1,Rock,8,"Daan Peeters",Belgium,4,"Margaret Park"
"2021-01-03 00:00:00",9,3,24,"Love In An Elevator",0.99,1,0.99,1,Rock,8,"Daan Peeters",Belgium,4,"Margaret Park"
"2021-01-03 00:00:00",10,3,28,"Janie's Got A Gun",0.99,1,0.99,1,Rock,8,"Daan Peeters",Belgium,4,"Margaret Park"
"2021-01-03 00:00:00",11,3,32,"Deuces Are Wild",0.99,1,0.99,1,Rock,8,"Daan Peeters",Belgium,4,"Margaret Park"
"2021-01-03 00:00:00",12,3,36,Angel,0.99,1,0.99,1,Rock,8,"Daan Peeters",Belgium,4,"Margaret Park"
"2021-01-06 00:00:00",13,4,42,"Right Through You",0.99,1,0.99,1,Rock,14,"Mark Philips",Canada,5,"Steve Johnson"
"2021-01-06 00:00:00",14,4,48,"Not The Doctor",0.99,1,0.99,1,Rock,14,"Mark Philips",Canada,5,"Steve Johnson"
"2021-01-06 00:00:00",15,4,54,"Bleed The Freak",0.99,1,0.99,1,Rock,14,"Mark Philips",Canada,5,"Steve Johnson"
"2021-01-06 00:00:00",16,4,60,Confusion,0.99,1,0.99,1,Rock,14,"Mark Philips",Canada,5,"Steve Johnson"
"2021-01-06 00:00:00",17,4,66,"Por Causa De Você",0.99,1,0.99,2,Jazz,14,"Mark Philips",Canada,5,"Steve Johnson"
"2021-01-06 00:00:00",18,4,72,Angela,0.99,1,0.99,2,Jazz,14,"Mark Philips",Canada,5,"Steve Johnson"
"2021-01-06 00:00:00",19,4,78,"Master Of Puppets",0.99,1,0.99,3,Metal,14,"Mark Philips",Canada,5,"Steve Johnson"
"2021-01-06 00:00:00",20,4,84,"Welcome Home (Sanitarium)",0.99,1,0.99,3,Metal,14,"Mark Philips",Canada,5,"Steve Johnson"
"2021-01-06 00:00:00",21,4,90,"Set It Off",0.99,1,0.99,1,Rock,14,"Mark Philips",Canada,5,"Steve Johnson"
"2021-01-11 00:00:00",22,5,99,"Your Time Has Come",0.99,1,0.99,4,"Alternative & Punk",23,"John Gordon",USA,4,"Margaret Park"
"2021-01-11 00:00:00",23,5,108,Dandelion,0.99,1,0.99,4,"Alternative & Punk",23,"John Gordon",USA,4,"Margaret Park"
"2021-01-11 00:00:00",24,5,117,"Rock 'N' Roll Music",0.99,1,0.99,5,"Rock And Roll",23,"John Gordon",USA,4,"Margaret Park"
"2021-01-11 00:00:00",25,5,126,"Moon germs",0.99,1,0.99,2,Jazz,23,"John Gordon",USA,4,"Margaret Park"
"2021-01-11 00:00:00",26,5,135,"Super Terrorizer",0.99,1,0.99,3,Metal,23,"John Gordon",USA,4,"Margaret Park"
"2021-01-11 00:00:00",27,5,144,"Heart Of Gold",0.99,1,0.99,3,Metal,23,"John Gordon",USA,4,"Margaret Park"
"2021-01-11 00:00:00",28,5,153,"Evil Woman",0.99,1,0.99,3,Metal,23,"John Gordon",USA,4,"Margaret Park"
"2021-01-11 00:00:00",29,5,162,Cornucopia,0.99,1,0.99,3,Metal,23,"John Gordon",USA,4,"Margaret Park"
"2021-01-11 00:00:00",30,5,171,"Bowels Of The Devil",0.99,1,0.99,4,"Alternative & Punk",23,"John Gordon",USA,4,"Margaret Park"
"2021-01-11 00:00:00",31,5,180,"Body Count Anthem",0.99,1,0.99,4,"Alternative & Punk",23,"John Gordon",USA,4,"Margaret Park"
"2021-01-11 00:00:00",32,5,189,Jerusalem,0.99,1,0.99,3,Metal,23,"John Gordon",USA,4,"Margaret Park"
"2021-01-11 00:00:00",33,5,198,"When My Left Eye Jumps",0.99,1,0.99,6,Blues,23,"John Gordon",USA,4,"Margaret Park"
"2021-01-11 00:00:00",34,5,207,Meditação,0.99,1,0.99,7,Latin,23,"John Gordon",USA,4,"Margaret Park"
"2021-01-11 00:00:00",35,5,216,"Esse Cara",0.99,1,0.99,7,Latin,23,"John Gordon",USA,4,"Margaret Park"
"2021-01-19 00:00:00",36,6,230,"Bye, Bye Brasil",0.99,1,0.99,7,Latin,37,"Fynn Zimmermann",Germany,3,"Jane Peacock"
"2021-02-01 00:00:00",37,7,231,"Atras Da Porta",0.99,1,0.99,7,Latin,38,"Niklas Schröder",Germany,3,"Jane Peacock"
"2021-02-01 00:00:00",38,7,232,Tatuagem,0.99,1,0.99,7,Latin,38,"Niklas Schröder",Germany,3,"Jane Peacock"
"2021-02-01 00:00:00",39,8,234,"Morena De Angola",0.99,1,0.99,7,Latin,40,"Dominique Lefebvre",France,4,"Margaret Park"
"2021-02-01 00:00:00",40,8,236,"A Banda",0.99,1,0.99,7,Latin,40,"Dominique Lefebvre",France,4,"Margaret Park"
"2021-02-02 00:00:00",41,9,238,"Com Açúcar E Com Afeto",0.99,1,0.99,7,Latin,42,"Wyatt Girard",France,3,"Jane Peacock"
"2021-02-02 00:00:00",42,9,240,"Meu Caro Amigo",0.99,1,0.99,7,Latin,42,"Wyatt Girard",France,3,"Jane Peacock"
"2021-02-02 00:00:00",43,9,242,"Trocando Em Miúdos",0.99,1,0.99,7,Latin,42,"Wyatt Girard",France,3,"Jane Peacock"
"2021-02-02 00:00:00",44,9,244,"Gota D'água",0.99,1,0.99,7,Latin,42,"Wyatt Girard",France,3,"Jane Peacock"
"2021-02-03 00:00:00",45,10,248,Etnia,0.99,1,0.99,7,Latin,46,"Hugh O'Reilly",Ireland,3,"Jane Peacock"
"2021-02-03 00:00:00",46,10,252,"Samba Do Lado",0.99,1,0.99,7,Latin,46,"Hugh O'Reilly",Ireland,3,"Jane Peacock"
"2021-02-03 00:00:00",47,10,256,Sobremesa,0.99,1,0.99,7,Latin,46,"Hugh O'Reilly",Ireland,3,"Jane Peacock"
"2021-02-03 00:00:00",48,10,260,"Sangue De Bairro",0.99,1,0.99,7,Latin,46,"Hugh O'Reilly",Ireland,3,"Jane Peacock"
"2021-02-03 00:00:00",49,10,264,"Amor De Muito",0.99,1,0.99,7,Latin,46,"Hugh O'Reilly",Ireland,3,"Jane Peacock"
"2021-02-03 00:00:00",50,10,268,"Maracatu Atômico [Trip Hop]",0.99,1,0.99,7,Latin,46,"Hugh O'Reilly",Ireland,3,"Jane Peacock"
"2021-02-06 00:00:00",51,11,274,"Samba Makossa",0.99,1,0.99,7,Latin,52,"Emma Jones","United Kingdom",3,"Jane Peacock"
"2021-02-06 00:00:00",52,11,280,"Lixo Do Mangue",0.99,1,0.99,7,Latin,52,"Emma Jones","United Kingdom",3,"Jane Peacock"
"2021-02-06 00:00:00",53,11,286,Firmamento,0.99,1,0.99,8,Reggae,52,"Emma Jones","United Kingdom",3,"Jane Peacock"
"2021-02-06 00:00:00",54,11,292,"Já Foi",0.99,1,0.99,8,Reggae,52,"Emma Jones","United Kingdom",3,"Jane Peacock"
"2021-02-06 00:00:00",55,11,298,"A Cor Do Sol",0.99,1,0.99,8,Reggae,52,"Emma Jones","United Kingdom",3,"Jane Peacock"
"2021-02-06 00:00:00",56,11,304,Firmamento,0.99,1,0.99,8,Reggae,52,"Emma Jones","United Kingdom",3,"Jane Peacock"
"2021-02-06 00:00:00",57,11,310,"Sábado A Noite",0.99,1,0.99,8,Reggae,52,"Emma Jones","United Kingdom",3,"Jane Peacock"
"2021-02-06 00:00:00",58,11,316,"Linha Do Equador",0.99,1,0.99,7,Latin,52,"Emma Jones","United Kingdom",3,"Jane Peacock"
"2021-02-06 00:00:00",59,11,322,"Livre Pra Viver",0.99,1,0.99,7,Latin,52,"Emma Jones","United Kingdom",3,"Jane Peacock"
"2021-02-11 00:00:00",60,12,331,Lavadeira,0.99,1,0.99,9,Pop,2,"Leonie Köhler",Germany,5,"Steve Johnson"
"2021-02-11 00:00:00",61,12,340,"Dazed and Confused",0.99,1,0.99,1,Rock,2,"Leonie Köhler",Germany,5,"Steve Johnson"
"2021-02-11 00:00:00",62,12,349,"You Shook Me(2)",0.99,1,0.99,1,Rock,2,"Leonie Köhler",Germany,5,"Steve Johnson"
"2021-02-11 00:00:00",63,12,358,"Man With The Woman Head",0.99,1,0.99,1,Rock,2,"Leonie Köhler",Germany,5,"Steve Johnson"
"2021-02-11 00:00:00",64,12,367,"Leandro De Itaquera 2001",0.99,1,0.99,10,Soundtrack,2,"Leonie Köhler",Germany,5,"Steve Johnson"
"2021-02-11 00:00:00",65,12,376,"Vôo Sobre o Horizonte",0.99,1,0.99,7,Latin,2,"Leonie Köhler",Germany,5,"Steve Johnson"
"2021-02-11 00:00:00",66,12,385,"All Star",0.99,1,0.99,7,Latin,2,"Leonie Köhler",Germany,5,"Steve Johnson"
"2021-02-11 00:00:00",67,12,394,"Tanto Tempo",0.99,1,0.99,7,Latin,2,"Leonie Köhler",Germany,5,"Steve Johnson"
"2021-02-11 00:00:00",68,12,403,"Bumbo Da Mangueira",0.99,1,0.99,7,Latin,2,"Leonie Köhler",Germany,5,"Steve Johnson"
"2021-02-11 00:00:00",69,12,412,"Die Die My Darling",0.99,1,0.99,3,Metal,2,"Leonie Köhler",Germany,5,"Steve Johnson"
"2021-02-11 00:00:00",70,12,421,"Radio GA GA",0.99,1,0.99,1,Rock,2,"Leonie Köhler",Germany,5,"Steve Johnson"
"2021-02-11 00:00:00",71,12,430,"I'm Going Slightly Mad",0.99,1,0.99,1,Rock,2,"Leonie Köhler",Germany,5,"Steve Johnson"
"2021-02-11 00:00:00",72,12,439,"Sure Know Something",0.99,1,0.99,1,Rock,2,"Leonie Köhler",Germany,5,"Steve Johnson"
"2021-02-11 00:00:00",73,12,448,"God Of Thunder",0.99,1,0.99,1,Rock,2,"Leonie Köhler",Germany,5,"Steve Johnson"
"2021-02-19 00:00:00",74,13,462,Valentino's,0.99,1,0.99,2,Jazz,16,"Frank Harris",USA,4,"Margaret Park"
"2021-03-04 00:00:00",75,14,463,Believe,0.99,1,0.99,2,Jazz,17,"Jack Smith",USA,5,"Steve Johnson"
"2021-03-04 00:00:00",76,14,464,"As We Sleep",0.99,1,0.99,2,Jazz,17,"Jack Smith",USA,5,"Steve Johnson"
"2021-03-04 00:00:00",77,15,466,"J Squared",0.99,1,0.99,2,Jazz,19,"Tim Goyer",USA,3,"Jane Peacock"
"2021-03-04 00:00:00",78,15,468,Maria,0.99,1,0.99,4,"Alternative & Punk",19,"Tim Goyer",USA,3,"Jane Peacock"
"2021-03-05 00:00:00",79,16,470,Longview,0.99,1,0.99,4,"Alternative & Punk",21,"Kathy Chase",USA,5,"Steve Johnson"
"2021-03-05 00:00:00",80,16,472,"Basket Case",0.99,1,0.99,4,"Alternative & Punk",21,"Kathy Chase",USA,5,"Steve Johnson"
"2021-03-05 00:00:00",81,16,474,She,0.99,1,0.99,4,"Alternative & Punk",21,"Kathy Chase",USA,5,"Steve Johnson"
"2021-03-05 00:00:00",82,16,476,"Geek Stink Breath",0.99,1,0.99,4,"Alternative & Punk",21,"Kathy Chase",USA,5,"Steve Johnson"
"2021-03-06 00:00:00",83,17,480,"Stuck With Me",0.99,1,0.99,4,"Alternative & Punk",25,"Victor Stevens",USA,5,"Steve Johnson"
"2021-03-06 00:00:00",84,17,484,"Nice Guys Finish Last",0.99,1,0.99,4,"Alternative & Punk",25,"Victor Stevens",USA,5,"Steve Johnson"
"2021-03-06 00:00:00",85,17,488,"Macy's Day Parade",0.99,1,0.99,4,"Alternative & Punk",25,"Victor Stevens",USA,5,"Steve Johnson"
"2021-03-06 00:00:00",86,17,492,"Don't You Cry",0.99,1,0.99,1,Rock,25,"Victor Stevens",USA,5,"Steve Johnson"
"2021-03-06 00:00:00",87,17,496,"Living On Love",0.99,1,0.99,1,Rock,25,"Victor Stevens",USA,5,"Steve Johnson"
"2021-03-06 00:00:00",88,17,500,"Wherever You May Go",0.99,1,0.99,1,Rock,25,"Victor Stevens",USA,5,"Steve Johnson"
"2021-03-09 00:00:00",89,18,506,"Diga Lá, Coração",0.99,1,0.99,7,Latin,31,"Martha Silk",Canada,5,"Steve Johnson"
"2021-03-09 00:00:00",90,18,512,"Comportamento Geral",0.99,1,0.99,7,Latin,31,"Martha Silk",Canada,5,"Steve Johnson"
"2021-03-09 00:00:00",91,18,518,"Podres Poderes",0.99,1,0.99,7,Latin,31,"Martha Silk",Canada,5,"Steve Johnson"
"2021-03-09 00:00:00",92,18,524,Queixa,0.99,1,0.99,7,Latin,31,"Martha Silk",Canada,5,"Steve Johnson"
"2021-03-09 00:00:00",93,18,530,"Ando Meio Desligado",0.99,1,0.99,4,"Alternative & Punk",31,"Martha Silk",Canada,5,"Steve Johnson"
"2021-03-09 00:00:00",94,18,536,"Vida De Cachorro",0.99,1,0.99,4,"Alternative & Punk",31,"Martha Silk",Canada,5,"Steve Johnson"
"2021-03-09 00:00:00",95,18,542,"Meu Refrigerador Não Funciona",0.99,1,0.99,4,"Alternative & Punk",31,"Martha Silk",Canada,5,"Steve Johnson"
"2021-03-09 00:00:00",96,18,548,"Smoke On The Water",0.99,1,0.99,1,Rock,31,"Martha Silk",Canada,5,"Steve Johnson"
"2021-03-09 00:00:00",97,18,554,"Trampled Under Foot",0.99,1,0.99,1,Rock,31,"Martha Silk",Canada,5,"Steve Johnson"
"2021-03-14 00:00:00",98,19,563,"União Da Ilha",0.99,1,0.99,7,Latin,40,"Dominique Lefebvre",France,4,"Margaret Park"
"2021-03-14 00:00:00",99,19,572,"Put Your Lights On",0.99,1,0.99,1,Rock,40,"Dominique Lefebvre",France,4,"Margaret Park"
"2021-03-14 00:00:00",100,19,581,Primavera,0.99,1,0.99,1,Rock,40,"Dominique Lefebvre",France,4,"Margaret Park"
"2021-03-14 00:00:00",101,19,590,"Seis Da Tarde",0.99,1,0.99,7,Latin,40,"Dominique Lefebvre",France,4,"Margaret Park"
"2021-03-14 00:00:00",102,19,599,Compulsion,0.99,1,0.99,2,Jazz,40,"Dominique Lefebvre",France,4,"Margaret Park"
"2021-03-14 00:00:00",103,19,608,"The Pan Piper",0.99,1,0.99,2,Jazz,40,"Dominique Lefebvre",France,4,"Margaret Park"
"2021-03-14 00:00:00",104,19,617,"Jean Pierre (Live)",0.99,1,0.99,2,Jazz,40,"Dominique Lefebvre",France,4,"Margaret Park"
"2021-03-14 00:00:00",105,19,626,"Drum Boogie",0.99,1,0.99,2,Jazz,40,"Dominique Lefebvre",France,4,"Margaret Park"
"2021-03-14 00:00:00",106,19,635,"Lemon Drop",0.99,1,0.99,2,Jazz,40,"Dominique Lefebvre",France,4,"Margaret Park"
"2021-03-14 00:00:00",107,19,644,Showcase,0.99,1,0.99,2,Jazz,40,"Dominique Lefebvre",France,4,"Margaret Park"
"2021-03-14 00:00:00",108,19,653,"Como É Duro Trabalhar",0.99,1,0.99,11,"Bossa Nova",40,"Dominique Lefebvre",France,4,"Margaret Park"
"2021-03-14 00:00:00",109,19,662,"Pela Luz dos Olhos Teus (Miúcha e Tom Jobim)",0.99,1,0.99,7,Latin,40,"Dominique Lefebvre",France,4,"Margaret Park"
"2021-03-14 00:00:00",110,19,671,"As Rosas Não Falam (Beth Carvalho)",0.99,1,0.99,7,Latin,40,"Dominique Lefebvre",France,4,"Margaret Park"
"2021-03-14 00:00:00",111,19,680,"Green River",0.99,1,0.99,1,Rock,40,"Dominique Lefebvre",France,4,"Margaret Park"
"2021-03-22 00:00:00",112,20,694,"Someday Never Comes",0.99,1,0.99,1,Rock,54,"Steve Murray","United Kingdom",5,"Steve Johnson"
"2021-04-04 00:00:00",113,21,695,"Walking On The Water",0.99,1,0.99,1,Rock,55,"Mark Taylor",Australia,4,"Margaret Park"
"2021-04-04 00:00:00",114,21,696,"Suzie-Q, Pt. 2",0.99,1,0.99,1,Rock,55,"Mark Taylor",Australia,4,"Margaret Park"
"2021-04-04 00:00:00",115,22,698,"Good Golly Miss Molly",0.99,1,0.99,1,Rock,57,"Luis Rojas",Chile,5,"Steve Johnson"
"2021-04-04 00:00:00",116,22,700,"Wrote A Song For Everyone",0.99,1,0.99,1,Rock,57,"Luis Rojas",Chile,5,"Steve Johnson"
"2021-04-05 00:00:00",117,23,702,"Cotton Fields",0.99,1,0.99,1,Rock,59,"Puja Srivastava",India,3,"Jane Peacock"
"2021-04-05 00:00:00",118,23,704,"Don't Look Now",0.99,1,0.99,1,Rock,59,"Puja Srivastava",India,3,"Jane Peacock"
"2021-04-05 00:00:00",119,23,706,"Before You Accuse Me",0.99,1,0.99,1,Rock,59,"Puja Srivastava",India,3,"Jane Peacock"
"2021-04-05 00:00:00",120,23,708,"Pagan Baby",0.99,1,0.99,1,Rock,59,"Puja Srivastava",India,3,"Jane Peacock"
"2021-04-06 00:00:00",121,24,712,"Born To Move",0.99,1,0.99,1,Rock,4,"Bjørn Hansen",Norway,4,"Margaret Park"
"2021-04-06 00:00:00",122,24,716,Brasil,0.99,1,0.99,7,Latin,4,"Bjørn Hansen",Norway,4,"Margaret Park"
"2021-04-06 00:00:00",123,24,720,"Coroné Antonio Bento",0.99,1,0.99,7,Latin,4,"Bjørn Hansen",Norway,4,"Margaret Park"
"2021-04-06 00:00:00",124,24,724,"Música Urbana 2",0.99,1,0.99,7,Latin,4,"Bjørn Hansen",Norway,4,"Margaret Park"
"2021-04-06 00:00:00",125,24,728,"Woman Of The World (Ao Vivo)",0.99,1,0.99,7,Latin,4,"Bjørn Hansen",Norway,4,"Margaret Park"
"2021-04-06 00:00:00",126,24,732,"Smells Like Teen Spirit (Ao Vivo)",0.99,1,0.99,7,Latin,4,"Bjørn Hansen",Norway,4,"Margaret Park"
"2021-04-09 00:00:00",127,25,738,"Admirável Gado Novo",0.99,1,0.99,7,Latin,10,"Eduardo Martins",Brazil,4,"Margaret Park"
"2021-04-09 00:00:00",128,25,744,"Mis Penas Lloraba Yo (Ao Vivo) Soy Gitano (Tangos)",0.99,1,0.99,7,Latin,10,"Eduardo Martins",Brazil,4,"Margaret Park"
"2021-04-09 00:00:00",129,25,750,Drifter,0.99,1,0.99,1,Rock,10,"Eduardo Martins",Brazil,4,"Margaret Park"
"2021-04-09 00:00:00",130,25,756,"Child In Time",0.99,1,0.99,1,Rock,10,"Eduardo Martins",Brazil,4,"Margaret Park"
"2021-04-09 00:00:00",131,25,762,"No No No",0.99,1,0.99,1,Rock,10,"Eduardo Martins",Brazil,4,"Margaret Park"
"2021-04-09 00:00:00",132,25,768,"Knocking At Your Back Door",0.99,1,0.99,1,Rock,10,"Eduardo Martins",Brazil,4,"Margaret Park"
"2021-04-09 00:00:00",133,25,774,"The Unwritten Law",0.99,1,0.99,1,Rock,10,"Eduardo Martins",Brazil,4,"Margaret Park"
"2021-04-09 00:00:00",134,25,780,"Maybe I'm A Leo",0.99,1,0.99,1,Rock,10,"Eduardo Martins",Brazil,4,"Margaret Park"
"2021-04-09 00:00:00",135,25,786,"Vavoom : Ted The Mechanic",0.99,1,0.99,1,Rock,10,"Eduardo Martins",Brazil,4,"Margaret Park"
"2021-04-14 00:00:00",136,26,795,"Hey Cisco",0.99,1,0.99,1,Rock,19,"Tim Goyer",USA,3,"Jane Peacock"
"2021-04-14 00:00:00",137,26,804,Fortuneteller,0.99,1,0.99,1,Rock,19,"Tim Goyer",USA,3,"Jane Peacock"
"2021-04-14 00:00:00",138,26,813,"High Ball Shooter",0.99,1,0.99,1,Rock,19,"Tim Goyer",USA,3,"Jane Peacock"
"2021-04-14 00:00:00",139,26,822,"A Twist In The Tail",0.99,1,0.99,1,Rock,19,"Tim Goyer",USA,3,"Jane Peacock"
"2021-04-14 00:00:00",140,26,831,Animal,0.99,1,0.99,1,Rock,19,"Tim Goyer",USA,3,"Jane Peacock"
"2021-04-14 00:00:00",141,26,840,Hysteria,0.99,1,0.99,1,Rock,19,"Tim Goyer",USA,3,"Jane Peacock"
"2021-04-14 00:00:00",142,26,849,"Baltimore, DC",0.99,1,0.99,2,Jazz,19,"Tim Goyer",USA,3,"Jane Peacock"
"2021-04-14 00:00:00",143,26,858,Esquinas,0.99,1,0.99,7,Latin,19,"Tim Goyer",USA,3,"Jane Peacock"
"2021-04-14 00:00:00",144,26,867,Açai,0.99,1,0.99,7,Latin,19,"Tim Goyer",USA,3,"Jane Peacock"
"2021-04-14 00:00:00",145,26,876,"Um Amor Puro",0.99,1,0.99,7,Latin,19,"Tim Goyer",USA,3,"Jane Peacock"
"2021-04-14 00:00:00",146,26,885,Fascinação,0.99,1,0.99,7,Latin,19,"Tim Goyer",USA,3,"Jane Peacock"
"2021-04-14 00:00:00",147,26,894,"Sunshine Of Your Love",0.99,1,0.99,6,Blues,19,"Tim Goyer",USA,3,"Jane Peacock"
"2021-04-14 00:00:00",148,26,903,"Lay Down Sally",0.99,1,0.99,6,Blues,19,"Tim Goyer",USA,3,"Jane Peacock"
"2021-04-14 00:00:00",149,26,912,"Tears In Heaven",0.99,1,0.99,6,Blues,19,"Tim Goyer",USA,3,"Jane Peacock"
"2021-04-22 00:00:00",150,27,926,"Naked In Front Of The Computer",0.99,1,0.99,4,"Alternative & Punk",33,"Ellie Sullivan",Canada,3,"Jane Peacock"
"2021-05-05 00:00:00",151,28,927,Helpless,0.99,1,0.99,4,"Alternative & Punk",34,"João Fernandes",Portugal,4,"Margaret Park"
"2021-05-05 00:00:00",152,28,928,"Mouth To Mouth",0.99,1,0.99,4,"Alternative & Punk",34,"João Fernandes",Portugal,4,"Margaret Park"
"2021-05-05 00:00:00",153,29,930,"She Loves Me Not",0.99,1,0.99,4,"Alternative & Punk",36,"Hannah Schneider",Germany,5,"Steve Johnson"
"2021-05-05 00:00:00",154,29,932,"Paths Of Glory",0.99,1,0.99,4,"Alternative & Punk",36,"Hannah Schneider",Germany,5,"Steve Johnson"
"2021-05-06 00:00:00",155,30,934,Pristina,0.99,1,0.99,4,"Alternative & Punk",38,"Niklas Schröder",Germany,3,"Jane Peacock"
"2021-05-06 00:00:00",156,30,936,Caffeine,0.99,1,0.99,4,"Alternative & Punk",38,"Niklas Schröder",Germany,3,"Jane Peacock"
"2021-05-06 00:00:00",157,30,938,RV,0.99,1,0.99,4,"Alternative & Punk",38,"Niklas Schröder",Germany,3,"Jane Peacock"
"2021-05-06 00:00:00",158,30,940,"Everything's Ruined",0.99,1,0.99,4,"Alternative & Punk",38,"Niklas Schröder",Germany,3,"Jane Peacock"
"2021-05-07 00:00:00",159,31,944,"A Small Victory",0.99,1,0.99,4,"Alternative & Punk",42,"Wyatt Girard",France,3,"Jane Peacock"
"2021-05-07 00:00:00",160,31,948,Easy,0.99,1,0.99,4,"Alternative & Punk",42,"Wyatt Girard",France,3,"Jane Peacock"
"2021-05-07 00:00:00",161,31,952,"The Gentle Art Of Making Enemies",0.99,1,0.99,1,Rock,42,"Wyatt Girard",France,3,"Jane Peacock"
"2021-05-07 00:00:00",162,31,956,"Ugly In The Morning",0.99,1,0.99,1,Rock,42,"Wyatt Girard",France,3,"Jane Peacock"
"2021-05-07 00:00:00",163,31,960,"What A Day",0.99,1,0.99,1,Rock,42,"Wyatt Girard",France,3,"Jane Peacock"
"2021-05-07 00:00:00",164,31,964,"From Out Of Nowhere",0.99,1,0.99,4,"Alternative & Punk",42,"Wyatt Girard",France,3,"Jane Peacock"
"2021-05-10 00:00:00",165,32,970,"Underwater Love",0.99,1,0.99,4,"Alternative & Punk",48,"Johannes Van der Berg",Netherlands,5,"Steve Johnson"
"2021-05-10 00:00:00",166,32,976,"Falamansa Song",0.99,1,0.99,7,Latin,48,"Johannes Van der Berg",Netherlands,5,"Steve Johnson"
"2021-05-10 00:00:00",167,32,982,Avisa,0.99,1,0.99,7,Latin,48,"Johannes Van der Berg",Netherlands,5,"Steve Johnson"
"2021-05-10 00:00:00",168,32,988,Desaforo,0.99,1,0.99,7,Latin,48,"Johannes Van der Berg",Netherlands,5,"Steve Johnson"
"2021-05-10 00:00:00",169,32,994,"The Last Song",0.99,1,0.99,1,Rock,48,"Johannes Van der Berg",Netherlands,5,"Steve Johnson"
"2021-05-10 00:00:00",170,32,1000,"What If I Do?",0.99,1,0.99,1,Rock,48,"Johannes Van der Berg",Netherlands,5,"Steve Johnson"
"2021-05-10 00:00:00",171,32,1006,"Virginia Moon",0.99,1,0.99,1,Rock,48,"Johannes Van der Berg",Netherlands,5,"Steve Johnson"
"2021-05-10 00:00:00",172,32,1012,"Times Like These",0.99,1,0.99,4,"Alternative & Punk",48,"Johannes Van der Berg",Netherlands,5,"Steve Johnson"
"2021-05-10 00:00:00",173,32,1018,"Burn Away",0.99,1,0.99,4,"Alternative & Punk",48,"Johannes Van der Berg",Netherlands,5,"Steve Johnson"
"2021-05-15 00:00:00",174,33,1027,"See You",0.99,1,0.99,1,Rock,57,"Luis Rojas",Chile,5,"Steve Johnson"
"2021-05-15 00:00:00",175,33,1036,"I Get A Kick Out Of You",0.99,1,0.99,12,"Easy Listening",57,"Luis Rojas",Chile,5,"Steve Johnson"
"2021-05-15 00:00:00",176,33,1045,"Fly Me To The Moon",0.99,1,0.99,12,"Easy Listening",57,"Luis Rojas",Chile,5,"Steve Johnson"
"2021-05-15 00:00:00",177,33,1054,"Mack The Knife",0.99,1,0.99,12,"Easy Listening",57,"Luis Rojas",Chile,5,"Steve Johnson"
"2021-05-15 00:00:00",178,33,1063,"Funk Hum",0.99,1,0.99,7,Latin,57,"Luis Rojas",Chile,5,"Steve Johnson"
"2021-05-15 00:00:00",179,33,1072,"Forty Days Instrumental",0.99,1,0.99,7,Latin,57,"Luis Rojas",Chile,5,"Steve Johnson"
"2021-05-15 00:00:00",180,33,1081,Pau-De-Arara,0.99,1,0.99,10,Soundtrack,57,"Luis Rojas",Chile,5,"Steve Johnson"
"2021-05-15 00:00:00",181,33,1090,"Stir It Up (Live)",0.99,1,0.99,7,Latin,57,"Luis Rojas",Chile,5,"Steve Johnson"
"2021-05-15 00:00:00",182,33,1099,"A Novidade (Live)",0.99,1,0.99,7,Latin,57,"Luis Rojas",Chile,5,"Steve Johnson"
"2021-05-15 00:00:00",183,33,1108,Realce,0.99,1,0.99,7,Latin,57,"Luis Rojas",Chile,5,"Steve Johnson"
"2021-05-15 00:00:00",184,33,1117,"Aquele Abraço",0.99,1,0.99,7,Latin,57,"Luis Rojas",Chile,5,"Steve Johnson"
"2021-05-15 00:00:00",185,33,1126,Re-Align,0.99,1,0.99,3,Metal,57,"Luis Rojas",Chile,5,"Steve Johnson"
"2021-05-15 00:00:00",186,33,1135,Holiday,0.99,1,0.99,4,"Alternative & Punk",57,"Luis Rojas",Chile,5,"Steve Johnson"
"2021-05-15 00:00:00",187,33,1144,"Homecoming / The Death Of St. Jimmy / East 12th St. / Nobody Likes You / Rock And Roll Girlfriend / We're Coming Home Again",0.99,1,0.99,4,"Alternative & Punk",57,"Luis Rojas",Chile,5,"Steve Johnson"
"2021-05-23 00:00:00",188,34,1158,"Right Next Door to Hell",0.99,1,0.99,1,Rock,12,"Roberto Almeida",Brazil,3,"Jane Peacock"
"2021-06-05 00:00:00",189,35,1159,"Dust N' Bones",0.99,1,0.99,1,Rock,13,"Fernanda Ramos",Brazil,4,"Margaret Park"
"2021-06-05 00:00:00",190,35,1160,"Live and Let Die",0.99,1,0.99,1,Rock,13,"Fernanda Ramos",Brazil,4,"Margaret Park"
"2021-06-05 00:00:00",191,36,1162,"Perfect Crime",0.99,1,0.99,1,Rock,15,"Jennifer Peterson",Canada,3,"Jane Peacock"
"2021-06-05 00:00:00",192,36,1164,"Bad Obsession",0.99,1,0.99,1,Rock,15,"Jennifer Peterson",Canada,3,"Jane Peacock"
"2021-06-06 00:00:00",193,37,1166,"Double Talkin' Jive",0.99,1,0.99,1,Rock,17,"Jack Smith",USA,5,"Steve Johnson"
"2021-06-06 00:00:00",194,37,1168,"The Garden",0.99,1,0.99,1,Rock,17,"Jack Smith",USA,5,"Steve Johnson"
"2021-06-06 00:00:00",195,37,1170,"Don't Damn Me",0.99,1,0.99,1,Rock,17,"Jack Smith",USA,5,"Steve Johnson"
"2021-06-06 00:00:00",196,37,1172,"Dead Horse",0.99,1,0.99,1,Rock,17,"Jack Smith",USA,5,"Steve Johnson"
"2021-06-07 00:00:00",197,38,1176,Yesterdays,0.99,1,0.99,3,Metal,21,"Kathy Chase",USA,5,"Steve Johnson"
"2021-06-07 00:00:00",198,38,1180,Breakdown,0.99,1,0.99,3,Metal,21,"Kathy Chase",USA,5,"Steve Johnson"
"2021-06-07 00:00:00",199,38,1184,Estranged,0.99,1,0.99,3,Metal,21,"Kathy Chase",USA,5,"Steve Johnson"
"2021-06-07 00:00:00",200,38,1188,Colibri,0.99,1,0.99,2,Jazz,21,"Kathy Chase",USA,5,"Steve Johnson"
"2021-06-07 00:00:00",201,38,1192,"L'Arc En Ciel De Miles",0.99,1,0.99,2,Jazz,21,"Kathy Chase",USA,5,"Steve Johnson"
"2021-06-07 00:00:00",202,38,1196,Millenium,0.99,1,0.99,2,Jazz,21,"Kathy Chase",USA,5,"Steve Johnson"
"2021-06-10 00:00:00",203,39,1202,"These Colours Don't Run",0.99,1,0.99,1,Rock,27,"Patrick Gray",USA,4,"Margaret Park"
"2021-06-10 00:00:00",204,39,1208,"For the Greater Good of God",0.99,1,0.99,1,Rock,27,"Patrick Gray",USA,4,"Margaret Park"
"2021-06-10 00:00:00",205,39,1214,Prowler,0.99,1,0.99,3,Metal,27,"Patrick Gray",USA,4,"Margaret Park"
"2021-06-10 00:00:00",206,39,1220,"Run To The Hilss",0.99,1,0.99,3,Metal,27,"Patrick Gray",USA,4,"Margaret Park"
"2021-06-10 00:00:00",207,39,1226,"Can I Play With Madness",0.99,1,0.99,3,Metal,27,"Patrick Gray",USA,4,"Margaret Park"
"2021-06-10 00:00:00",208,39,1232,"Heaven Can Wait",0.99,1,0.99,3,Metal,27,"Patrick Gray",USA,4,"Margaret Park"
"2021-06-10 00:00:00",209,39,1238,"Blood Brothers",0.99,1,0.99,1,Rock,27,"Patrick Gray",USA,4,"Margaret Park"
"2021-06-10 00:00:00",210,39,1244,"The Thin Line Between Love & Hate",0.99,1,0.99,1,Rock,27,"Patrick Gray",USA,4,"Margaret Park"
"2021-06-10 00:00:00",211,39,1250,"Gates Of Tomorrow",0.99,1,0.99,13,"Heavy Metal",27,"Patrick Gray",USA,4,"Margaret Park"
"2021-06-15 00:00:00",212,40,1259,"Fear Is The Key",0.99,1,0.99,1,Rock,36,"Hannah Schneider",Germany,5,"Steve Johnson"
"2021-06-15 00:00:00",213,40,1268,"01 - Prowler",0.99,1,0.99,6,Blues,36,"Hannah Schneider",Germany,5,"Steve Johnson"
"2021-06-15 00:00:00",214,40,1277,"The Ides Of March",0.99,1,0.99,13,"Heavy Metal",36,"Hannah Schneider",Germany,5,"Steve Johnson"
"2021-06-15 00:00:00",215,40,1286,Drifter,0.99,1,0.99,13,"Heavy Metal",36,"Hannah Schneider",Germany,5,"Steve Johnson"
"2021-06-15 00:00:00",216,40,1295,"The Number Of The Beast",0.99,1,0.99,3,Metal,36,"Hannah Schneider",Germany,5,"Steve Johnson"
"2021-06-15 00:00:00",217,40,1304,"Phantom Of The Opera",0.99,1,0.99,13,"Heavy Metal",36,"Hannah Schneider",Germany,5,"Steve Johnson"
"2021-06-15 00:00:00",218,40,1313,"Afraid To Shoot Strangers",0.99,1,0.99,1,Rock,36,"Hannah Schneider",Germany,5,"Steve Johnson"
"2021-06-15 00:00:00",219,40,1322,"The Trooper",0.99,1,0.99,1,Rock,36,"Hannah Schneider",Germany,5,"Steve Johnson"
"2021-06-15 00:00:00",220,40,1331,"Run Silent Run Deep",0.99,1,0.99,3,Metal,36,"Hannah Schneider",Germany,5,"Steve Johnson"
"2021-06-15 00:00:00",221,40,1340,"Still Life",0.99,1,0.99,3,Metal,36,"Hannah Schneider",Germany,5,"Steve Johnson"
"2021-06-15 00:00:00",222,40,1349,"Back in the Village",0.99,1,0.99,3,Metal,36,"Hannah Schneider",Germany,5,"Steve Johnson"
"2021-06-15 00:00:00",223,40,1358,"Blood Brothers",0.99,1,0.99,3,Metal,36,"Hannah Schneider",Germany,5,"Steve Johnson"
"2021-06-15 00:00:00",224,40,1367,"The Number Of The Beast",0.99,1,0.99,1,Rock,36,"Hannah Schneider",Germany,5,"Steve Johnson"
"2021-06-15 00:00:00",225,40,1376,"The Prophecy",0.99,1,0.99,3,Metal,36,"Hannah Schneider",Germany,5,"Steve Johnson"
"2021-06-23 00:00:00",226,41,1390,"Hallowed Be Thy Name",0.99,1,0.99,3,Metal,50,"Enrique Muñoz",Spain,5,"Steve Johnson"
"2021-07-06 00:00:00",227,42,1391,Invaders,0.99,1,0.99,3,Metal,51,"Joakim Johansson",Sweden,5,"Steve Johnson"
"2021-07-06 00:00:00",228,42,1392,"Run to the Hills",0.99,1,0.99,3,Metal,51,"Joakim Johansson",Sweden,5,"Steve Johnson"
"2021-07-06 00:00:00",229,43,1394,"The Prisoner",0.99,1,0.99,3,Metal,53,"Phil Hughes","United Kingdom",3,"Jane Peacock"
"2021-07-06 00:00:00",230,43,1396,"Lord Of The Flies",0.99,1,0.99,1,Rock,53,"Phil Hughes","United Kingdom",3,"Jane Peacock"
"2021-07-07 00:00:00",231,44,1398,"Fortunes Of War",0.99,1,0.99,1,Rock,55,"Mark Taylor",Australia,4,"Margaret Park"
"2021-07-07 00:00:00",232,44,1400,"The Aftermath",0.99,1,0.99,1,Rock,55,"Mark Taylor",Australia,4,"Margaret Park"
"2021-07-07 00:00:00",233,44,1402,"Blood On The World's Hands",0.99,1,0.99,1,Rock,55,"Mark Taylor",Australia,4,"Margaret Park"
"2021-07-07 00:00:00",234,44,1404,"2 A.M.",0.99,1,0.99,1,Rock,55,"Mark Taylor",Australia,4,"Margaret Park"
"2021-07-08 00:00:00",235,45,1408,"Lightning Strikes Twice",0.99,1,0.99,1,Rock,59,"Puja Srivastava",India,3,"Jane Peacock"
"2021-07-08 00:00:00",236,45,1412,"Don't Look To The Eyes Of A Stranger",0.99,1,0.99,1,Rock,59,"Puja Srivastava",India,3,"Jane Peacock"
"2021-07-08 00:00:00",237,45,1416,"Night Train",0.99,1,0.99,14,R&B/Soul,59,"Puja Srivastava",India,3,"Jane Peacock"
"2021-07-08 00:00:00",238,45,1420,"It's A Man's Man's Man's World",0.99,1,0.99,14,R&B/Soul,59,"Puja Srivastava",India,3,"Jane Peacock"
"2021-07-08 00:00:00",239,45,1424,"Hey America",0.99,1,0.99,14,R&B/Soul,59,"Puja Srivastava",India,3,"Jane Peacock"
"2021-07-08 00:00:00",240,45,1428,"Get Up Offa That Thing",0.99,1,0.99,14,R&B/Soul,59,"Puja Srivastava",India,3,"Jane Peacock"
"2021-07-11 00:00:00",241,46,1434,"When You Gonna Learn (Digeridoo)",0.99,1,0.99,1,Rock,6,"Helena Holý","Czech Republic",5,"Steve Johnson"
"2021-07-11 00:00:00",242,46,1440,"Whatever It Is, I Just Can't Stop",0.99,1,0.99,1,Rock,6,"Helena Holý","Czech Republic",5,"Steve Johnson"
"2021-07-11 00:00:00",243,46,1446,"Black Capricorn Day",0.99,1,0.99,14,R&B/Soul,6,"Helena Holý","Czech Republic",5,"Steve Johnson"
"2021-07-11 00:00:00",244,46,1452,"Were Do We Go From Here",0.99,1,0.99,14,R&B/Soul,6,"Helena Holý","Czech Republic",5,"Steve Johnson"
"2021-07-11 00:00:00",245,46,1458,"Light Years",0.99,1,0.99,15,Electronica/Dance,6,"Helena Holý","Czech Republic",5,"Steve Johnson"
"2021-07-11 00:00:00",246,46,1464,"Morning Glory",0.99,1,0.99,15,Electronica/Dance,6,"Helena Holý","Czech Republic",5,"Steve Johnson"
"2021-07-11 00:00:00",247,46,1470,"Get What You Need",0.99,1,0.99,4,"Alternative & Punk",6,"Helena Holý","Czech Republic",5,"Steve Johnson"
"2021-07-11 00:00:00",248,46,1476,"Take It Or Leave It",0.99,1,0.99,4,"Alternative & Punk",6,"Helena Holý","Czech Republic",5,"Steve Johnson"
"2021-07-11 00:00:00",249,46,1482,"Can You See Me",0.99,1,0.99,1,Rock,6,"Helena Holý","Czech Republic",5,"Steve Johnson"
"2021-07-16 00:00:00",250,47,1491,"Stone Free",0.99,1,0.99,1,Rock,15,"Jennifer Peterson",Canada,3,"Jane Peacock"
"2021-07-16 00:00:00",251,47,1500,"Satch Boogie",0.99,1,0.99,1,Rock,15,"Jennifer Peterson",Canada,3,"Jane Peacock"
"2021-07-16 00:00:00",252,47,1509,"Salve Simpatia",0.99,1,0.99,7,Latin,15,"Jennifer Peterson",Canada,3,"Jane Peacock"
"2021-07-16 00:00:00",253,47,1518,"Filho Maravilha",0.99,1,0.99,7,Latin,15,"Jennifer Peterson",Canada,3,"Jane Peacock"
"2021-07-16 00:00:00",254,47,1527,"Dance Enquanto é Tempo",0.99,1,0.99,7,Latin,15,"Jennifer Peterson",Canada,3,"Jane Peacock"
"2021-07-16 00:00:00",255,47,1536,"Voce Inteira",0.99,1,0.99,16,World,15,"Jennifer Peterson",Canada,3,"Jane Peacock"
"2021-07-16 00:00:00",256,47,1545,"Enquanto O Dia Não Vem",0.99,1,0.99,16,World,15,"Jennifer Peterson",Canada,3,"Jane Peacock"
"2021-07-16 00:00:00",257,47,1554,"Turbo Lover",0.99,1,0.99,3,Metal,15,"Jennifer Peterson",Canada,3,"Jane Peacock"
"2021-07-16 00:00:00",258,47,1563,"Plaster Caster",0.99,1,0.99,1,Rock,15,"Jennifer Peterson",Canada,3,"Jane Peacock"
"2021-07-16 00:00:00",259,47,1572,"Every Time I Look At You",0.99,1,0.99,1,Rock,15,"Jennifer Peterson",Canada,3,"Jane Peacock"
"2021-07-16 00:00:00",260,47,1581,"Dazed And Confused",0.99,1,0.99,1,Rock,15,"Jennifer Peterson",Canada,3,"Jane Peacock"
"2021-07-16 00:00:00",261,47,1590,"Walter's Walk",0.99,1,0.99,1,Rock,15,"Jennifer Peterson",Canada,3,"Jane Peacock"
"2021-07-16 00:00:00",262,47,1599,"Dancing Days",0.99,1,0.99,1,Rock,15,"Jennifer Peterson",Canada,3,"Jane Peacock"
"2021-07-16 00:00:00",263,47,1608,"All My Love",0.99,1,0.99,1,Rock,15,"Jennifer Peterson",Canada,3,"Jane Peacock"
"2021-07-24 00:00:00",264,48,1622,"Your Time Is Gonna Come",0.99,1,0.99,1,Rock,29,"Robert Brown",Canada,3,"Jane Peacock"
"2021-08-06 00:00:00",265,49,1623,"Black Mountain Side",0.99,1,0.99,1,Rock,30,"Edward Francis",Canada,3,"Jane Peacock"
"2021-08-06 00:00:00",266,49,1624,"Communication Breakdown",0.99,1,0.99,1,Rock,30,"Edward Francis",Canada,3,"Jane Peacock"
"2021-08-06 00:00:00",267,50,1626,"How Many More Times",0.99,1,0.99,1,Rock,32,"Aaron Mitchell",Canada,4,"Margaret Park"
"2021-08-06 00:00:00",268,50,1628,"What Is And What Should Never Be",0.99,1,0.99,1,Rock,32,"Aaron Mitchell",Canada,4,"Margaret Park"
"2021-08-07 00:00:00",269,51,1630,"Thank You",0.99,1,0.99,1,Rock,34,"João Fernandes",Portugal,4,"Margaret Park"
"2021-08-07 00:00:00",270,51,1632,"Living Loving Maid (She's Just A Woman)",0.99,1,0.99,1,Rock,34,"João Fernandes",Portugal,4,"Margaret Park"
"2021-08-07 00:00:00",271,51,1634,"Moby Dick",0.99,1,0.99,1,Rock,34,"João Fernandes",Portugal,4,"Margaret Park"
"2021-08-07 00:00:00",272,51,1636,"Immigrant Song",0.99,1,0.99,1,Rock,34,"João Fernandes",Portugal,4,"Margaret Park"
"2021-08-08 00:00:00",273,52,1640,"Out On The Tiles",0.99,1,0.99,1,Rock,38,"Niklas Schröder",Germany,3,"Jane Peacock"
"2021-08-08 00:00:00",274,52,1644,"Bron-Y-Aur Stomp",0.99,1,0.99,1,Rock,38,"Niklas Schröder",Germany,3,"Jane Peacock"
"2021-08-08 00:00:00",275,52,1648,"Down By The Seaside",0.99,1,0.99,1,Rock,38,"Niklas Schröder",Germany,3,"Jane Peacock"
"2021-08-08 00:00:00",276,52,1652,"Boogie With Stu",0.99,1,0.99,1,Rock,38,"Niklas Schröder",Germany,3,"Jane Peacock"
"2021-08-08 00:00:00",277,52,1656,"For Your Life",0.99,1,0.99,1,Rock,38,"Niklas Schröder",Germany,3,"Jane Peacock"
"2021-08-08 00:00:00",278,52,1660,"Hots On For Nowhere",0.99,1,0.99,1,Rock,38,"Niklas Schröder",Germany,3,"Jane Peacock"
"2021-08-11 00:00:00",279,53,1666,"Dazed And Confused",0.99,1,0.99,1,Rock,44,"Terhi Hämäläinen",Finland,3,"Jane Peacock"
"2021-08-11 00:00:00",280,53,1672,L'Avventura,0.99,1,0.99,7,Latin,44,"Terhi Hämäläinen",Finland,3,"Jane Peacock"
"2021-08-11 00:00:00",281,53,1678,"Soul Parsifal",0.99,1,0.99,7,Latin,44,"Terhi Hämäläinen",Finland,3,"Jane Peacock"
"2021-08-11 00:00:00",282,53,1684,"Quando Você Voltar",0.99,1,0.99,7,Latin,44,"Terhi Hämäläinen",Finland,3,"Jane Peacock"
"2021-08-11 00:00:00",283,53,1690,"Tempo Perdido",0.99,1,0.99,7,Latin,44,"Terhi Hämäläinen",Finland,3,"Jane Peacock"
"2021-08-11 00:00:00",284,53,1696,"Meninos E Meninas",0.99,1,0.99,7,Latin,44,"Terhi Hämäläinen",Finland,3,"Jane Peacock"
"2021-08-11 00:00:00",285,53,1702,"Are You Gonna Go My Way",0.99,1,0.99,1,Rock,44,"Terhi Hämäläinen",Finland,3,"Jane Peacock"
"2021-08-11 00:00:00",286,53,1708,"Mr. Cab Driver",0.99,1,0.99,1,Rock,44,"Terhi Hämäläinen",Finland,3,"Jane Peacock"
"2021-08-11 00:00:00",287,53,1714,Believe,0.99,1,0.99,1,Rock,44,"Terhi Hämäläinen",Finland,3,"Jane Peacock"
"2021-08-16 00:00:00",288,54,1723,Condição,0.99,1,0.99,7,Latin,53,"Phil Hughes","United Kingdom",3,"Jane Peacock"
"2021-08-16 00:00:00",289,54,1732,Aquilo,0.99,1,0.99,7,Latin,53,"Phil Hughes","United Kingdom",3,"Jane Peacock"
"2021-08-16 00:00:00",290,54,1741,"Assaltaram A Gramática",0.99,1,0.99,7,Latin,53,"Phil Hughes","United Kingdom",3,"Jane Peacock"
"2021-08-16 00:00:00",291,54,1750,"Waterhole (Expresso Bongo)",0.99,1,0.99,1,Rock,53,"Phil Hughes","United Kingdom",3,"Jane Peacock"
"2021-08-16 00:00:00",292,54,1759,"Tempos Modernos",0.99,1,0.99,7,Latin,53,"Phil Hughes","United Kingdom",3,"Jane Peacock"
"2021-08-16 00:00:00",293,54,1768,"Dança Da Solidão",0.99,1,0.99,7,Latin,53,"Phil Hughes","United Kingdom",3,"Jane Peacock"
"2021-08-16 00:00:00",294,54,1777,"When I Had Your Love",0.99,1,0.99,14,R&B/Soul,53,"Phil Hughes","United Kingdom",3,"Jane Peacock"
"2021-08-16 00:00:00",295,54,1786,"Save The Children",0.99,1,0.99,14,R&B/Soul,53,"Phil Hughes","United Kingdom",3,"Jane Peacock"
"2021-08-16 00:00:00",296,54,1795,"Down by the Sea",0.99,1,0.99,1,Rock,53,"Phil Hughes","United Kingdom",3,"Jane Peacock"
"2021-08-16 00:00:00",297,54,1804,"The Unforgiven",0.99,1,0.99,3,Metal,53,"Phil Hughes","United Kingdom",3,"Jane Peacock"
"2021-08-16 00:00:00",298,54,1813,Helpless,0.99,1,0.99,3,Metal,53,"Phil Hughes","United Kingdom",3,"Jane Peacock"
"2021-08-16 00:00:00",299,54,1822,"Stone Cold Crazy",0.99,1,0.99,3,Metal,53,"Phil Hughes","United Kingdom",3,"Jane Peacock"
"2021-08-16 00:00:00",300,54,1831,Motorbreath,0.99,1,0.99,3,Metal,53,"Phil Hughes","United Kingdom",3,"Jane Peacock"
"2021-08-16 00:00:00",301,54,1840,"2 X 4",0.99,1,0.99,3,Metal,53,"Phil Hughes","United Kingdom",3,"Jane Peacock"
"2021-08-24 00:00:00",302,55,1854,"Master Of Puppets",0.99,1,0.99,3,Metal,8,"Daan Peeters",Belgium,4,"Margaret Park"
"2021-09-06 00:00:00",303,56,1855,"The Thing That Should Not Be",0.99,1,0.99,3,Metal,9,"Kara Nielsen",Denmark,4,"Margaret Park"
"2021-09-06 00:00:00",304,56,1856,"Welcome Home (Sanitarium)",0.99,1,0.99,3,Metal,9,"Kara Nielsen",Denmark,4,"Margaret Park"
"2021-09-06 00:00:00",305,57,1858,"Leper Messiah",0.99,1,0.99,3,Metal,11,"Alexandre Rocha",Brazil,5,"Steve Johnson"
"2021-09-06 00:00:00",306,57,1860,"Damage Inc.",0.99,1,0.99,3,Metal,11,"Alexandre Rocha",Brazil,5,"Steve Johnson"
"2021-09-07 00:00:00",307,58,1862,"The Memory Remains",0.99,1,0.99,3,Metal,13,"Fernanda Ramos",Brazil,4,"Margaret Park"
"2021-09-07 00:00:00",308,58,1864,"The Unforgiven II",0.99,1,0.99,3,Metal,13,"Fernanda Ramos",Brazil,4,"Margaret Park"
"2021-09-07 00:00:00",309,58,1866,Slither,0.99,1,0.99,3,Metal,13,"Fernanda Ramos",Brazil,4,"Margaret Park"
"2021-09-07 00:00:00",310,58,1868,"Bad Seed",0.99,1,0.99,3,Metal,13,"Fernanda Ramos",Brazil,4,"Margaret Park"
"2021-09-08 00:00:00",311,59,1872,Attitude,0.99,1,0.99,3,Metal,17,"Jack Smith",USA,5,"Steve Johnson"
"2021-09-08 00:00:00",312,59,1876,"For Whom The Bell Tolls",0.99,1,0.99,3,Metal,17,"Jack Smith",USA,5,"Steve Johnson"
"2021-09-08 00:00:00",313,59,1880,"Creeping Death",0.99,1,0.99,3,Metal,17,"Jack Smith",USA,5,"Steve Johnson"
"2021-09-08 00:00:00",314,59,1884,"Some Kind Of Monster",0.99,1,0.99,3,Metal,17,"Jack Smith",USA,5,"Steve Johnson"
"2021-09-08 00:00:00",315,59,1888,"Shoot Me Again",0.99,1,0.99,3,Metal,17,"Jack Smith",USA,5,"Steve Johnson"
"2021-09-08 00:00:00",316,59,1892,"All Within My Hands",0.99,1,0.99,3,Metal,17,"Jack Smith",USA,5,"Steve Johnson"
"2021-09-11 00:00:00",317,60,1898,"Harvester Of Sorrow",0.99,1,0.99,3,Metal,23,"John Gordon",USA,4,"Margaret Park"
"2021-09-11 00:00:00",318,60,1904,"The Duke",0.99,1,0.99,2,Jazz,23,"John Gordon",USA,4,"Margaret Park"
"2021-09-11 00:00:00",319,60,1910,Lament,0.99,1,0.99,2,Jazz,23,"John Gordon",USA,4,"Margaret Park"
"2021-09-11 00:00:00",320,60,1916,"Coração De Estudante",0.99,1,0.99,7,Latin,23,"John Gordon",USA,4,"Margaret Park"
"2021-09-11 00:00:00",321,60,1922,"Menestrel Das Alagoas",0.99,1,0.99,7,Latin,23,"John Gordon",USA,4,"Margaret Park"
"2021-09-11 00:00:00",322,60,1928,"Maria, Maria",0.99,1,0.99,7,Latin,23,"John Gordon",USA,4,"Margaret Park"
"2021-09-11 00:00:00",323,60,1934,"Ponta de Areia",0.99,1,0.99,7,Latin,23,"John Gordon",USA,4,"Margaret Park"
"2021-09-11 00:00:00",324,60,1940,"Norwegian Wood",0.99,1,0.99,7,Latin,23,"John Gordon",USA,4,"Margaret Park"
"2021-09-11 00:00:00",325,60,1946,"Fast And Loose",0.99,1,0.99,3,Metal,23,"John Gordon",USA,4,"Margaret Park"
"2021-09-16 00:00:00",326,61,1955,"Please Don't Touch",0.99,1,0.99,3,Metal,32,"Aaron Mitchell",Canada,4,"Margaret Park"
"2021-09-16 00:00:00",327,61,1964,"Já Foi",0.99,1,0.99,16,World,32,"Aaron Mitchell",Canada,4,"Margaret Park"
"2021-09-16 00:00:00",328,61,1973,"Wild Side",0.99,1,0.99,3,Metal,32,"Aaron Mitchell",Canada,4,"Margaret Park"
"2021-09-16 00:00:00",329,61,1982,"Primal Scream",0.99,1,0.99,3,Metal,32,"Aaron Mitchell",Canada,4,"Margaret Park"
"2021-09-16 00:00:00",330,61,1991,"Been A Son",0.99,1,0.99,1,Rock,32,"Aaron Mitchell",Canada,4,"Margaret Park"
"2021-09-16 00:00:00",331,61,2000,Breed,0.99,1,0.99,1,Rock,32,"Aaron Mitchell",Canada,4,"Margaret Park"
"2021-09-16 00:00:00",332,61,2009,"Territorial Pissings",0.99,1,0.99,1,Rock,32,"Aaron Mitchell",Canada,4,"Margaret Park"
"2021-09-16 00:00:00",333,61,2018,"Folhas Secas",0.99,1,0.99,1,Rock,32,"Aaron Mitchell",Canada,4,"Margaret Park"
"2021-09-16 00:00:00",334,61,2027,"Menino De Rua",0.99,1,0.99,1,Rock,32,"Aaron Mitchell",Canada,4,"Margaret Park"
"2021-09-16 00:00:00",335,61,2036,Denúncia,0.99,1,0.99,7,Latin,32,"Aaron Mitchell",Canada,4,"Margaret Park"
"2021-09-16 00:00:00",336,61,2045,"O Trem Da Juventude",0.99,1,0.99,7,Latin,32,"Aaron Mitchell",Canada,4,"Margaret Park"
"2021-09-16 00:00:00",337,61,2054,Selvagem,0.99,1,0.99,7,Latin,32,"Aaron Mitchell",Canada,4,"Margaret Park"
"2021-09-16 00:00:00",338,61,2063,"Nebulosa Do Amor",0.99,1,0.99,7,Latin,32,"Aaron Mitchell",Canada,4,"Margaret Park"
"2021-09-16 00:00:00",339,61,2072,"Luis Inacio (300 Picaretas)",0.99,1,0.99,7,Latin,32,"Aaron Mitchell",Canada,4,"Margaret Park"
"2021-09-24 00:00:00",340,62,2086,Perplexo,0.99,1,0.99,7,Latin,46,"Hugh O'Reilly",Ireland,3,"Jane Peacock"
"2021-10-07 00:00:00",341,63,2087,"Me Liga",0.99,1,0.99,7,Latin,47,"Lucas Mancini",Italy,5,"Steve Johnson"
"2021-10-07 00:00:00",342,63,2088,"Quase Um Segundo",0.99,1,0.99,7,Latin,47,"Lucas Mancini",Italy,5,"Steve Johnson"
"2021-10-07 00:00:00",343,64,2090,"Romance Ideal",0.99,1,0.99,7,Latin,49,"Stanisław Wójcik",Poland,4,"Margaret Park"
"2021-10-07 00:00:00",344,64,2092,SKA,0.99,1,0.99,7,Latin,49,"Stanisław Wójcik",Poland,4,"Margaret Park"
"2021-10-08 00:00:00",345,65,2094,"I Don't Know",0.99,1,0.99,1,Rock,51,"Joakim Johansson",Sweden,5,"Steve Johnson"
"2021-10-08 00:00:00",346,65,2096,"Flying High Again",0.99,1,0.99,1,Rock,51,"Joakim Johansson",Sweden,5,"Steve Johnson"
"2021-10-08 00:00:00",347,65,2098,"No More Tears",0.99,1,0.99,1,Rock,51,"Joakim Johansson",Sweden,5,"Steve Johnson"
"2021-10-08 00:00:00",348,65,2100,"Crazy Train",0.99,1,0.99,3,Metal,51,"Joakim Johansson",Sweden,5,"Steve Johnson"
"2021-10-09 00:00:00",349,66,2104,"Relvelation (Mother Earth)",0.99,1,0.99,3,Metal,55,"Mark Taylor",Australia,4,"Margaret Park"
"2021-10-09 00:00:00",350,66,2108,"Children Of The Grave",0.99,1,0.99,3,Metal,55,"Mark Taylor",Australia,4,"Margaret Park"
"2021-10-09 00:00:00",351,66,2112,Dee,0.99,1,0.99,3,Metal,55,"Mark Taylor",Australia,4,"Margaret Park"
"2021-10-09 00:00:00",352,66,2116,"Blue Train",0.99,1,0.99,1,Rock,55,"Mark Taylor",Australia,4,"Margaret Park"
"2021-10-09 00:00:00",353,66,2120,"Walking Into Clarksdale",0.99,1,0.99,1,Rock,55,"Mark Taylor",Australia,4,"Margaret Park"
"2021-10-09 00:00:00",354,66,2124,"Sons Of Freedom",0.99,1,0.99,1,Rock,55,"Mark Taylor",Australia,4,"Margaret Park"
"2021-10-12 00:00:00",355,67,2130,"Beach Sequence",0.99,1,0.99,10,Soundtrack,2,"Leonie Köhler",Germany,5,"Steve Johnson"
"2021-10-12 00:00:00",356,67,2136,"Plot 180",0.99,1,0.99,10,Soundtrack,2,"Leonie Köhler",Germany,5,"Steve Johnson"
"2021-10-12 00:00:00",357,67,2142,"Murders In The Rue Morgue",0.99,1,0.99,1,Rock,2,"Leonie Köhler",Germany,5,"Steve Johnson"
"2021-10-12 00:00:00",358,67,2148,"Iron Maiden",0.99,1,0.99,1,Rock,2,"Leonie Köhler",Germany,5,"Steve Johnson"
"2021-10-12 00:00:00",359,67,2154,Untitled,0.99,1,0.99,1,Rock,2,"Leonie Köhler",Germany,5,"Steve Johnson"
"2021-10-12 00:00:00",360,67,2160,Nothingman,0.99,1,0.99,1,Rock,2,"Leonie Köhler",Germany,5,"Steve Johnson"
"2021-10-12 00:00:00",361,67,2166,"World Wide Suicide",0.99,1,0.99,4,"Alternative & Punk",2,"Leonie Köhler",Germany,5,"Steve Johnson"
"2021-10-12 00:00:00",362,67,2172,"Big Wave",0.99,1,0.99,4,"Alternative & Punk",2,"Leonie Köhler",Germany,5,"Steve Johnson"
"2021-10-12 00:00:00",363,67,2178,"Can't Keep",0.99,1,0.99,1,Rock,2,"Leonie Köhler",Germany,5,"Steve Johnson"
"2021-10-17 00:00:00",364,68,2187,"Green Disease",0.99,1,0.99,1,Rock,11,"Alexandre Rocha",Brazil,5,"Steve Johnson"
"2021-10-17 00:00:00",365,68,2196,"Why Go",0.99,1,0.99,1,Rock,11,"Alexandre Rocha",Brazil,5,"Steve Johnson"
"2021-10-17 00:00:00",366,68,2205,Animal,0.99,1,0.99,1,Rock,11,"Alexandre Rocha",Brazil,5,"Steve Johnson"
"2021-10-17 00:00:00",367,68,2214,Leash,0.99,1,0.99,1,Rock,11,"Alexandre Rocha",Brazil,5,"Steve Johnson"
"2021-10-17 00:00:00",368,68,2223,"Wanted Dread And Alive",0.99,1,0.99,8,Reggae,11,"Alexandre Rocha",Brazil,5,"Steve Johnson"
"2021-10-17 00:00:00",369,68,2232,"The Great Gig In The Sky",0.99,1,0.99,1,Rock,11,"Alexandre Rocha",Brazil,5,"Steve Johnson"
"2021-10-17 00:00:00",370,68,2241,Bossa,0.99,1,0.99,17,"Hip Hop/Rap",11,"Alexandre Rocha",Brazil,5,"Steve Johnson"
"2021-10-17 00:00:00",371,68,2250,"Nega Do Cabelo Duro",0.99,1,0.99,17,"Hip Hop/Rap",11,"Alexandre Rocha",Brazil,5,"Steve Johnson"
"2021-10-17 00:00:00",372,68,2259,"You're My Best Friend",0.99,1,0.99,1,Rock,11,"Alexandre Rocha",Brazil,5,"Steve Johnson"
"2021-10-17 00:00:00",373,68,2268,"Seven Seas Of Rhye",0.99,1,0.99,1,Rock,11,"Alexandre Rocha",Brazil,5,"Steve Johnson"
"2021-10-17 00:00:00",374,68,2277,"Get Down, Make Love",0.99,1,0.99,1,Rock,11,"Alexandre Rocha",Brazil,5,"Steve Johnson"
"2021-10-17 00:00:00",375,68,2286,"Get Up",0.99,1,0.99,4,"Alternative & Punk",11,"Alexandre Rocha",Brazil,5,"Steve Johnson"
"2021-10-17 00:00:00",376,68,2295,Untitled,0.99,1,0.99,4,"Alternative & Punk",11,"Alexandre Rocha",Brazil,5,"Steve Johnson"
"2021-10-17 00:00:00",377,68,2304,"Be Mine",0.99,1,0.99,1,Rock,11,"Alexandre Rocha",Brazil,5,"Steve Johnson"
"2021-10-25 00:00:00",378,69,2318,"Carnival Of Sorts",0.99,1,0.99,4,"Alternative & Punk",25,"Victor Stevens",USA,5,"Steve Johnson"
"2021-11-07 00:00:00",379,70,2319,"Radio Free Aurope",0.99,1,0.99,4,"Alternative & Punk",26,"Richard Cunningham",USA,4,"Margaret Park"
"2021-11-07 00:00:00",380,70,2320,"Perfect Circle",0.99,1,0.99,4,"Alternative & Punk",26,"Richard Cunningham",USA,4,"Margaret Park"
"2021-11-07 00:00:00",381,71,2322,"So Central Rain",0.99,1,0.99,4,"Alternative & Punk",28,"Julia Barnett",USA,5,"Steve Johnson"
"2021-11-07 00:00:00",382,71,2324,"Pretty Persuasion",0.99,1,0.99,4,"Alternative & Punk",28,"Julia Barnett",USA,5,"Steve Johnson"
"2021-11-08 00:00:00",383,72,2326,"Can't Get There From Here",0.99,1,0.99,4,"Alternative & Punk",30,"Edward Francis",Canada,3,"Jane Peacock"
"2021-11-08 00:00:00",384,72,2328,"Fall On Me",0.99,1,0.99,4,"Alternative & Punk",30,"Edward Francis",Canada,3,"Jane Peacock"
"2021-11-08 00:00:00",385,72,2330,Cuyahoga,0.99,1,0.99,4,"Alternative & Punk",30,"Edward Francis",Canada,3,"Jane Peacock"
"2021-11-08 00:00:00",386,72,2332,"The Finest Worksong",0.99,1,0.99,4,"Alternative & Punk",30,"Edward Francis",Canada,3,"Jane Peacock"
"2021-11-09 00:00:00",387,73,2336,"Papeau Nuky Doe",0.99,1,0.99,4,"Alternative & Punk",34,"João Fernandes",Portugal,4,"Margaret Park"
"2021-11-09 00:00:00",388,73,2340,"Esporrei Na Manivela",0.99,1,0.99,4,"Alternative & Punk",34,"João Fernandes",Portugal,4,"Margaret Park"
"2021-11-09 00:00:00",389,73,2344,"Maluco Beleza",0.99,1,0.99,1,Rock,34,"João Fernandes",Portugal,4,"Margaret Park"
"2021-11-09 00:00:00",390,73,2348,"As Profecias",0.99,1,0.99,1,Rock,34,"João Fernandes",Portugal,4,"Margaret Park"
"2021-11-09 00:00:00",391,73,2352,"Que Luz É Essa",0.99,1,0.99,1,Rock,34,"João Fernandes",Portugal,4,"Margaret Park"
"2021-11-09 00:00:00",392,73,2356,"Século XXI",0.99,1,0.99,1,Rock,34,"João Fernandes",Portugal,4,"Margaret Park"
"2021-11-12 00:00:00",393,74,2362,"Suck My Kiss",0.99,1,0.99,4,"Alternative & Punk",40,"Dominique Lefebvre",France,4,"Margaret Park"
"2021-11-12 00:00:00",394,74,2368,"Under The Bridge",0.99,1,0.99,4,"Alternative & Punk",40,"Dominique Lefebvre",France,4,"Margaret Park"
"2021-11-12 00:00:00",395,74,2374,"They're Red Hot",0.99,1,0.99,4,"Alternative & Punk",40,"Dominique Lefebvre",France,4,"Margaret Park"
"2021-11-12 00:00:00",396,74,2380,"The Zephyr Song",0.99,1,0.99,1,Rock,40,"Dominique Lefebvre",France,4,"Margaret Park"
"2021-11-12 00:00:00",397,74,2386,Tear,0.99,1,0.99,1,Rock,40,"Dominique Lefebvre",France,4,"Margaret Park"
"2021-11-12 00:00:00",398,74,2392,"Parallel Universe",0.99,1,0.99,1,Rock,40,"Dominique Lefebvre",France,4,"Margaret Park"
"2021-11-12 00:00:00",399,74,2398,Porcelain,0.99,1,0.99,1,Rock,40,"Dominique Lefebvre",France,4,"Margaret Park"
"2021-11-12 00:00:00",400,74,2404,"Right On Time",0.99,1,0.99,1,Rock,40,"Dominique Lefebvre",France,4,"Margaret Park"
"2021-11-12 00:00:00",401,74,2410,Xanadu,0.99,1,0.99,1,Rock,40,"Dominique Lefebvre",France,4,"Margaret Park"
"2021-11-17 00:00:00",402,75,2419,"Finding My Way",0.99,1,0.99,1,Rock,49,"Stanisław Wójcik",Poland,4,"Margaret Park"
"2021-11-17 00:00:00",403,75,2428,"Evil Ways",0.99,1,0.99,1,Rock,49,"Stanisław Wójcik",Poland,4,"Margaret Park"
"2021-11-17 00:00:00",404,75,2437,"It's Only Love",0.99,1,0.99,1,Rock,49,"Stanisław Wójcik",Poland,4,"Margaret Park"
"2021-11-17 00:00:00",405,75,2446,"So Beautiful",0.99,1,0.99,1,Rock,49,"Stanisław Wójcik",Poland,4,"Margaret Park"
"2021-11-17 00:00:00",406,75,2455,Maquinarama,0.99,1,0.99,1,Rock,49,"Stanisław Wójcik",Poland,4,"Margaret Park"
"2021-11-17 00:00:00",407,75,2464,"Garota Nacional",0.99,1,0.99,1,Rock,49,"Stanisław Wójcik",Poland,4,"Margaret Park"
"2021-11-17 00:00:00",408,75,2473,"Aeroplane Flies High",0.99,1,0.99,4,"Alternative & Punk",49,"Stanisław Wójcik",Poland,4,"Margaret Park"
"2021-11-17 00:00:00",409,75,2482,Saturnine,0.99,1,0.99,4,"Alternative & Punk",49,"Stanisław Wójcik",Poland,4,"Margaret Park"
"2021-11-17 00:00:00",410,75,2491,"Cherub Rock",0.99,1,0.99,4,"Alternative & Punk",49,"Stanisław Wójcik",Poland,4,"Margaret Park"
"2021-11-17 00:00:00",411,75,2500,"Ava Adore",0.99,1,0.99,4,"Alternative & Punk",49,"Stanisław Wójcik",Poland,4,"Margaret Park"
"2021-11-17 00:00:00",412,75,2509,"Hands All Over",0.99,1,0.99,1,Rock,49,"Stanisław Wójcik",Poland,4,"Margaret Park"
"2021-11-17 00:00:00",413,75,2518,"Pretty Noose",0.99,1,0.99,1,Rock,49,"Stanisław Wójcik",Poland,4,"Margaret Park"
"2021-11-17 00:00:00",414,75,2527,Starburst,0.99,1,0.99,2,Jazz,49,"Stanisław Wójcik",Poland,4,"Margaret Park"
"2021-11-17 00:00:00",415,75,2536,"Leave My Girl Alone",0.99,1,0.99,6,Blues,49,"Stanisław Wójcik",Poland,4,"Margaret Park"
"2021-11-25 00:00:00",416,76,2550,Plush,0.99,1,0.99,1,Rock,4,"Bjørn Hansen",Norway,4,"Margaret Park"
"2021-12-08 00:00:00",417,77,2551,"Wet My Bed",0.99,1,0.99,1,Rock,5,"František Wichterlová","Czech Republic",4,"Margaret Park"
"2021-12-08 00:00:00",418,77,2552,Crackerman,0.99,1,0.99,1,Rock,5,"František Wichterlová","Czech Republic",4,"Margaret Park"
"2021-12-08 00:00:00",419,78,2554,"Soldier Side - Intro",0.99,1,0.99,3,Metal,7,"Astrid Gruber",Austria,5,"Steve Johnson"
"2021-12-08 00:00:00",420,78,2556,Revenga,0.99,1,0.99,3,Metal,7,"Astrid Gruber",Austria,5,"Steve Johnson"
"2021-12-09 00:00:00",421,79,2558,Radio/Video,0.99,1,0.99,3,Metal,9,"Kara Nielsen",Denmark,4,"Margaret Park"
"2021-12-09 00:00:00",422,79,2560,"Violent Pornography",0.99,1,0.99,3,Metal,9,"Kara Nielsen",Denmark,4,"Margaret Park"
"2021-12-09 00:00:00",423,79,2562,"Sad Statue",0.99,1,0.99,3,Metal,9,"Kara Nielsen",Denmark,4,"Margaret Park"
"2021-12-09 00:00:00",424,79,2564,"Lost in Hollywood",0.99,1,0.99,3,Metal,9,"Kara Nielsen",Denmark,4,"Margaret Park"
"2021-12-10 00:00:00",425,80,2568,"Black Light Syndrome",0.99,1,0.99,1,Rock,13,"Fernanda Ramos",Brazil,4,"Margaret Park"
"2021-12-10 00:00:00",426,80,2572,"Midnight From The Inside Out",0.99,1,0.99,6,Blues,13,"Fernanda Ramos",Brazil,4,"Margaret Park"
"2021-12-10 00:00:00",427,80,2576,"Sometimes Salvation",0.99,1,0.99,6,Blues,13,"Fernanda Ramos",Brazil,4,"Margaret Park"
"2021-12-10 00:00:00",428,80,2580,"Girl From A Pawnshop",0.99,1,0.99,6,Blues,13,"Fernanda Ramos",Brazil,4,"Margaret Park"
"2021-12-10 00:00:00",429,80,2584,"Title Song",0.99,1,0.99,6,Blues,13,"Fernanda Ramos",Brazil,4,"Margaret Park"
"2021-12-10 00:00:00",430,80,2588,"Soul Singing",0.99,1,0.99,6,Blues,13,"Fernanda Ramos",Brazil,4,"Margaret Park"
"2021-12-13 00:00:00",431,81,2594,"Clash City Rockers",0.99,1,0.99,4,"Alternative & Punk",19,"Tim Goyer",USA,3,"Jane Peacock"
"2021-12-13 00:00:00",432,81,2600,"Train In Vain",0.99,1,0.99,4,"Alternative & Punk",19,"Tim Goyer",USA,3,"Jane Peacock"
"2021-12-13 00:00:00",433,81,2606,"Know Your Rights",0.99,1,0.99,4,"Alternative & Punk",19,"Tim Goyer",USA,3,"Jane Peacock"
"2021-12-13 00:00:00",434,81,2612,"Take The Power",0.99,1,0.99,1,Rock,19,"Tim Goyer",USA,3,"Jane Peacock"
"2021-12-13 00:00:00",435,81,2618,"Speed Of Light",0.99,1,0.99,1,Rock,19,"Tim Goyer",USA,3,"Jane Peacock"
"2021-12-13 00:00:00",436,81,2624,"Spirit Walker",0.99,1,0.99,1,Rock,19,"Tim Goyer",USA,3,"Jane Peacock"
"2021-12-13 00:00:00",437,81,2630,"Edie (Ciao Baby)",0.99,1,0.99,1,Rock,19,"Tim Goyer",USA,3,"Jane Peacock"
"2021-12-13 00:00:00",438,81,2636,"Sun King",0.99,1,0.99,1,Rock,19,"Tim Goyer",USA,3,"Jane Peacock"
"2021-12-13 00:00:00",439,81,2642,"Twentienth Century Fox",0.99,1,0.99,1,Rock,19,"Tim Goyer",USA,3,"Jane Peacock"
"2021-12-18 00:00:00",440,82,2651,"Can't Stand Losing You",0.99,1,0.99,1,Rock,28,"Julia Barnett",USA,5,"Steve Johnson"
"2021-12-18 00:00:00",441,82,2660,"King Of Pain",0.99,1,0.99,1,Rock,28,"Julia Barnett",USA,5,"Steve Johnson"
"2021-12-18 00:00:00",442,82,2669,"Get Off Of My Cloud",0.99,1,0.99,1,Rock,28,"Julia Barnett",USA,5,"Steve Johnson"
"2021-12-18 00:00:00",443,82,2678,"Gimmie Shelters",0.99,1,0.99,1,Rock,28,"Julia Barnett",USA,5,"Steve Johnson"
"2021-12-18 00:00:00",444,82,2687,"Thief In The Night",0.99,1,0.99,1,Rock,28,"Julia Barnett",USA,5,"Steve Johnson"
"2021-12-18 00:00:00",445,82,2696,"Out Of Tears",0.99,1,0.99,1,Rock,28,"Julia Barnett",USA,5,"Steve Johnson"
"2021-12-18 00:00:00",446,82,2705,"Walking Wounded",0.99,1,0.99,4,"Alternative & Punk",28,"Julia Barnett",USA,5,"Steve Johnson"
"2021-12-18 00:00:00",447,82,2714,"Heaven Coming Down",0.99,1,0.99,4,"Alternative & Punk",28,"Julia Barnett",USA,5,"Steve Johnson"
"2021-12-18 00:00:00",448,82,2723,Gyroscope,0.99,1,0.99,4,"Alternative & Punk",28,"Julia Barnett",USA,5,"Steve Johnson"
"2021-12-18 00:00:00",449,82,2732,"Anyway, Anyhow, Anywhere",0.99,1,0.99,1,Rock,28,"Julia Barnett",USA,5,"Steve Johnson"
"2021-12-18 00:00:00",450,82,2741,"Pinball Wizard",0.99,1,0.99,1,Rock,28,"Julia Barnett",USA,5,"Steve Johnson"
"2021-12-18 00:00:00",451,82,2750,"You Better You Bet",0.99,1,0.99,1,Rock,28,"Julia Barnett",USA,5,"Steve Johnson"
"2021-12-18 00:00:00",452,82,2759,"Música No Ar",0.99,1,0.99,7,Latin,28,"Julia Barnett",USA,5,"Steve Johnson"
"2021-12-18 00:00:00",453,82,2768,Você,0.99,1,0.99,7,Latin,28,"Julia Barnett",USA,5,"Steve Johnson"
"2021-12-26 00:00:00",454,83,2782,"Go Back",0.99,1,0.99,4,"Alternative & Punk",42,"Wyatt Girard",France,3,"Jane Peacock"
"2022-01-08 00:00:00",455,84,2783,"Prá Dizer Adeus",0.99,1,0.99,4,"Alternative & Punk",43,"Isabelle Mercier",France,3,"Jane Peacock"
"2022-01-08 00:00:00",456,84,2784,Família,0.99,1,0.99,4,"Alternative & Punk",43,"Isabelle Mercier",France,3,"Jane Peacock"
"2022-01-08 00:00:00",457,85,2786,"O Pulso",0.99,1,0.99,4,"Alternative & Punk",45,"Ladislav Kovács",Hungary,3,"Jane Peacock"
"2022-01-08 00:00:00",458,85,2788,"Nem 5 Minutos Guardados",0.99,1,0.99,4,"Alternative & Punk",45,"Ladislav Kovács",Hungary,3,"Jane Peacock"
"2022-01-09 00:00:00",459,86,2790,Palavras,0.99,1,0.99,4,"Alternative & Punk",47,"Lucas Mancini",Italy,5,"Steve Johnson"
"2022-01-09 00:00:00",460,86,2792,"A Melhor Forma",0.99,1,0.99,4,"Alternative & Punk",47,"Lucas Mancini",Italy,5,"Steve Johnson"
"2022-01-09 00:00:00",461,86,2794,"32 Dentes",0.99,1,0.99,4,"Alternative & Punk",47,"Lucas Mancini",Italy,5,"Steve Johnson"
"2022-01-09 00:00:00",462,86,2796,"Não Vou Lutar",0.99,1,0.99,4,"Alternative & Punk",47,"Lucas Mancini",Italy,5,"Steve Johnson"
"2022-01-10 00:00:00",463,87,2800,"Querem Meu Sangue",0.99,1,0.99,4,"Alternative & Punk",51,"Joakim Johansson",Sweden,5,"Steve Johnson"
"2022-01-10 00:00:00",464,87,2804,"Lugar Nenhum",0.99,1,0.99,4,"Alternative & Punk",51,"Joakim Johansson",Sweden,5,"Steve Johnson"
"2022-01-10 00:00:00",465,87,2808,Domingo,0.99,1,0.99,4,"Alternative & Punk",51,"Joakim Johansson",Sweden,5,"Steve Johnson"
"2022-01-10 00:00:00",466,87,2812,"Era Uma Vez",0.99,1,0.99,4,"Alternative & Punk",51,"Joakim Johansson",Sweden,5,"Steve Johnson"
"2022-01-10 00:00:00",467,87,2816,"Toda Cor",0.99,1,0.99,4,"Alternative & Punk",51,"Joakim Johansson",Sweden,5,"Steve Johnson"
"2022-01-10 00:00:00",468,87,2820,"Occupation / Precipice",1.99,1,1.99,19,"TV Shows",51,"Joakim Johansson",Sweden,5,"Steve Johnson"
"2022-01-13 00:00:00",469,88,2826,Hero,1.99,1,1.99,18,"Science Fiction",57,"Luis Rojas",Chile,5,"Steve Johnson"
"2022-01-13 00:00:00",470,88,2832,"The Woman King",1.99,1,1.99,18,"Science Fiction",57,"Luis Rojas",Chile,5,"Steve Johnson"
"2022-01-13 00:00:00",471,88,2838,"Crossroads, Pt. 2",1.99,1,1.99,20,"Sci Fi & Fantasy",57,"Luis Rojas",Chile,5,"Steve Johnson"
"2022-01-13 00:00:00",472,88,2844,"Better Halves",1.99,1,1.99,21,Drama,57,"Luis Rojas",Chile,5,"Steve Johnson"
"2022-01-13 00:00:00",473,88,2850,"The Fix",1.99,1,1.99,21,Drama,57,"Luis Rojas",Chile,5,"Steve Johnson"
"2022-01-13 00:00:00",474,88,2856,Parasite,1.99,1,1.99,21,Drama,57,"Luis Rojas",Chile,5,"Steve Johnson"
"2022-01-13 00:00:00",475,88,2862,"The Glass Ballerina",1.99,1,1.99,21,Drama,57,"Luis Rojas",Chile,5,"Steve Johnson"
"2022-01-13 00:00:00",476,88,2868,Walkabout,1.99,1,1.99,19,"TV Shows",57,"Luis Rojas",Chile,5,"Steve Johnson"
"2022-01-13 00:00:00",477,88,2874,"I Do",1.99,1,1.99,19,"TV Shows",57,"Luis Rojas",Chile,5,"Steve Johnson"
"2022-01-18 00:00:00",478,89,2883,Solitary,1.99,1,1.99,19,"TV Shows",7,"Astrid Gruber",Austria,5,"Steve Johnson"
"2022-01-18 00:00:00",479,89,2892,"Fire + Water",1.99,1,1.99,21,Drama,7,"Astrid Gruber",Austria,5,"Steve Johnson"
"2022-01-18 00:00:00",480,89,2901,Homecoming,1.99,1,1.99,19,"TV Shows",7,"Astrid Gruber",Austria,5,"Steve Johnson"
"2022-01-18 00:00:00",481,89,2910,Dave,1.99,1,1.99,19,"TV Shows",7,"Astrid Gruber",Austria,5,"Steve Johnson"
"2022-01-18 00:00:00",482,89,2919,"Born to Run",1.99,1,1.99,19,"TV Shows",7,"Astrid Gruber",Austria,5,"Steve Johnson"
"2022-01-18 00:00:00",483,89,2928,One,0.99,1,0.99,1,Rock,7,"Astrid Gruber",Austria,5,"Steve Johnson"
"2022-01-18 00:00:00",484,89,2937,"Love Is Blindness",0.99,1,0.99,1,Rock,7,"Astrid Gruber",Austria,5,"Steve Johnson"
"2022-01-18 00:00:00",485,89,2946,"When I Look At The World",0.99,1,0.99,1,Rock,7,"Astrid Gruber",Austria,5,"Steve Johnson"
"2022-01-18 00:00:00",486,89,2955,"Everlasting Love",0.99,1,0.99,1,Rock,7,"Astrid Gruber",Austria,5,"Steve Johnson"
"2022-01-18 00:00:00",487,89,2964,Vertigo,0.99,1,0.99,1,Rock,7,"Astrid Gruber",Austria,5,"Steve Johnson"
"2022-01-18 00:00:00",488,89,2973,"Original Of The Species",0.99,1,0.99,1,Rock,7,"Astrid Gruber",Austria,5,"Steve Johnson"
"2022-01-18 00:00:00",489,89,2982,Miami,0.99,1,0.99,1,Rock,7,"Astrid Gruber",Austria,5,"Steve Johnson"
"2022-01-18 00:00:00",490,89,2991,"All Along The Watchtower",0.99,1,0.99,1,Rock,7,"Astrid Gruber",Austria,5,"Steve Johnson"
"2022-01-18 00:00:00",491,89,3000,"God Part II",0.99,1,0.99,1,Rock,7,"Astrid Gruber",Austria,5,"Steve Johnson"
"2022-01-26 00:00:00",492,90,3014,Desire,0.99,1,0.99,1,Rock,21,"Kathy Chase",USA,5,"Steve Johnson"
"2022-02-08 00:00:00",493,91,3015,"When Love Comes To Town",0.99,1,0.99,1,Rock,22,"Heather Leacock",USA,4,"Margaret Park"
"2022-02-08 00:00:00",494,91,3016,"Angel Of Harlem",0.99,1,0.99,1,Rock,22,"Heather Leacock",USA,4,"Margaret Park"
"2022-02-08 00:00:00",495,92,3018,"Sunday Bloody Sunday",0.99,1,0.99,1,Rock,24,"Frank Ralston",USA,3,"Jane Peacock"
"2022-02-08 00:00:00",496,92,3020,"New Year's Day",0.99,1,0.99,1,Rock,24,"Frank Ralston",USA,3,"Jane Peacock"
"2022-02-09 00:00:00",497,93,3022,"Drowning Man",0.99,1,0.99,1,Rock,26,"Richard Cunningham",USA,4,"Margaret Park"
"2022-02-09 00:00:00",498,93,3024,"Two Hearts Beat As One",0.99,1,0.99,1,Rock,26,"Richard Cunningham",USA,4,"Margaret Park"
"2022-02-09 00:00:00",499,93,3026,Surrender,0.99,1,0.99,1,Rock,26,"Richard Cunningham",USA,4,"Margaret Park"
"2022-02-09 00:00:00",500,93,3028,Zooropa,0.99,1,0.99,1,Rock,26,"Richard Cunningham",USA,4,"Margaret Park"
"2022-02-10 00:00:00",501,94,3032,"Stay (Faraway, So Close!)",0.99,1,0.99,1,Rock,30,"Edward Francis",Canada,3,"Jane Peacock"
"2022-02-10 00:00:00",502,94,3036,"Dirty Day",0.99,1,0.99,1,Rock,30,"Edward Francis",Canada,3,"Jane Peacock"
"2022-02-10 00:00:00",503,94,3040,"I Would Do For You",0.99,1,0.99,8,Reggae,30,"Edward Francis",Canada,3,"Jane Peacock"
"2022-02-10 00:00:00",504,94,3044,"Wear You To The Ball",0.99,1,0.99,8,Reggae,30,"Edward Francis",Canada,3,"Jane Peacock"
"2022-02-10 00:00:00",505,94,3048,"C'est La Vie",0.99,1,0.99,8,Reggae,30,"Edward Francis",Canada,3,"Jane Peacock"
"2022-02-10 00:00:00",506,94,3052,"Where Have All The Good Times Gone?",0.99,1,0.99,1,Rock,30,"Edward Francis",Canada,3,"Jane Peacock"
"2022-02-13 00:00:00",507,95,3058,"Dancing In The Street",0.99,1,0.99,1,Rock,36,"Hannah Schneider",Germany,5,"Steve Johnson"
"2022-02-13 00:00:00",508,95,3064,Eruption,0.99,1,0.99,1,Rock,36,"Hannah Schneider",Germany,5,"Steve Johnson"
"2022-02-13 00:00:00",509,95,3070,Jump,0.99,1,0.99,1,Rock,36,"Hannah Schneider",Germany,5,"Steve Johnson"
"2022-02-13 00:00:00",510,95,3076,"Right Now",0.99,1,0.99,1,Rock,36,"Hannah Schneider",Germany,5,"Steve Johnson"
"2022-02-13 00:00:00",511,95,3082,Eruption,0.99,1,0.99,1,Rock,36,"Hannah Schneider",Germany,5,"Steve Johnson"
"2022-02-13 00:00:00",512,95,3088,"Feel Your Love Tonight",0.99,1,0.99,1,Rock,36,"Hannah Schneider",Germany,5,"Steve Johnson"
"2022-02-13 00:00:00",513,95,3094,"One I Want",0.99,1,0.99,1,Rock,36,"Hannah Schneider",Germany,5,"Steve Johnson"
"2022-02-13 00:00:00",514,95,3100,"Year to the Day",0.99,1,0.99,1,Rock,36,"Hannah Schneider",Germany,5,"Steve Johnson"
"2022-02-13 00:00:00",515,95,3106,"Big Machine",0.99,1,0.99,1,Rock,36,"Hannah Schneider",Germany,5,"Steve Johnson"
"2022-02-18 00:00:00",516,96,3115,"Dirty Little Thing",0.99,1,0.99,1,Rock,45,"Ladislav Kovács",Hungary,3,"Jane Peacock"
"2022-02-18 00:00:00",517,96,3124,"So Por Amor",0.99,1,0.99,7,Latin,45,"Ladislav Kovács",Hungary,3,"Jane Peacock"
"2022-02-18 00:00:00",518,96,3133,"Here I Go Again",0.99,1,0.99,3,Metal,45,"Ladislav Kovács",Hungary,3,"Jane Peacock"
"2022-02-18 00:00:00",519,96,3142,"The Deeper The Love",0.99,1,0.99,3,Metal,45,"Ladislav Kovács",Hungary,3,"Jane Peacock"
"2022-02-18 00:00:00",520,96,3151,"Seu Balancê",0.99,1,0.99,7,Latin,45,"Ladislav Kovács",Hungary,3,"Jane Peacock"
"2022-02-18 00:00:00",521,96,3160,"Sapopemba e Maxambomba",0.99,1,0.99,7,Latin,45,"Ladislav Kovács",Hungary,3,"Jane Peacock"
"2022-02-18 00:00:00",522,96,3169,"The Man Behind the Curtain",1.99,1,1.99,21,Drama,45,"Ladislav Kovács",Hungary,3,"Jane Peacock"
"2022-02-18 00:00:00",523,96,3178,"The Dundies",1.99,1,1.99,19,"TV Shows",45,"Ladislav Kovács",Hungary,3,"Jane Peacock"
"2022-02-18 00:00:00",524,96,3187,"Christmas Party",1.99,1,1.99,19,"TV Shows",45,"Ladislav Kovács",Hungary,3,"Jane Peacock"
"2022-02-18 00:00:00",525,96,3196,"Michael's Birthday",1.99,1,1.99,19,"TV Shows",45,"Ladislav Kovács",Hungary,3,"Jane Peacock"
"2022-02-18 00:00:00",526,96,3205,Diwali,1.99,1,1.99,19,"TV Shows",45,"Ladislav Kovács",Hungary,3,"Jane Peacock"
"2022-02-18 00:00:00",527,96,3214,"Phyllis's Wedding",1.99,1,1.99,22,Comedy,45,"Ladislav Kovács",Hungary,3,"Jane Peacock"
"2022-02-18 00:00:00",528,96,3223,"How to Stop an Exploding Man",1.99,1,1.99,21,Drama,45,"Ladislav Kovács",Hungary,3,"Jane Peacock"
"2022-02-18 00:00:00",529,96,3232,"The Long Patrol",1.99,1,1.99,20,"Sci Fi & Fantasy",45,"Ladislav Kovács",Hungary,3,"Jane Peacock"
"2022-02-26 00:00:00",530,97,3246,"Baltar's Escape",1.99,1,1.99,20,"Sci Fi & Fantasy",59,"Puja Srivastava",India,3,"Jane Peacock"
"2022-03-11 00:00:00",531,98,3247,"Experiment In Terra",1.99,1,1.99,20,"Sci Fi & Fantasy",1,"Luís Gonçalves",Brazil,3,"Jane Peacock"
"2022-03-11 00:00:00",532,98,3248,"Take the Celestra",1.99,1,1.99,20,"Sci Fi & Fantasy",1,"Luís Gonçalves",Brazil,3,"Jane Peacock"
"2022-03-11 00:00:00",533,99,3250,Pilot,1.99,1,1.99,19,"TV Shows",3,"François Tremblay",Canada,3,"Jane Peacock"
"2022-03-11 00:00:00",534,99,3252,"Through the Looking Glass, Pt. 1",1.99,1,1.99,21,Drama,3,"François Tremblay",Canada,3,"Jane Peacock"
"2022-03-12 00:00:00",535,100,3254,"#9 Dream",0.99,1,0.99,9,Pop,5,"František Wichterlová","Czech Republic",4,"Margaret Park"
"2022-03-12 00:00:00",536,100,3256,"Give Peace a Chance",0.99,1,0.99,9,Pop,5,"František Wichterlová","Czech Republic",4,"Margaret Park"
"2022-03-12 00:00:00",537,100,3258,"Whatever Gets You Thru the Night",0.99,1,0.99,9,Pop,5,"František Wichterlová","Czech Republic",4,"Margaret Park"
"2022-03-12 00:00:00",538,100,3260,"Gimme Some Truth",0.99,1,0.99,9,Pop,5,"František Wichterlová","Czech Republic",4,"Margaret Park"
"2022-03-13 00:00:00",539,101,3264,"Jealous Guy",0.99,1,0.99,9,Pop,9,"Kara Nielsen",Denmark,4,"Margaret Park"
"2022-03-13 00:00:00",540,101,3268,"Beautiful Boy",0.99,1,0.99,9,Pop,9,"Kara Nielsen",Denmark,4,"Margaret Park"
"2022-03-13 00:00:00",541,101,3272,"Gimme Some Truth",0.99,1,0.99,9,Pop,9,"Kara Nielsen",Denmark,4,"Margaret Park"
"2022-03-13 00:00:00",542,101,3276,"Sympton of the Universe",0.99,1,0.99,1,Rock,9,"Kara Nielsen",Denmark,4,"Margaret Park"
"2022-03-13 00:00:00",543,101,3280,"War Pigs",0.99,1,0.99,1,Rock,9,"Kara Nielsen",Denmark,4,"Margaret Park"
"2022-03-13 00:00:00",544,101,3284,"Never Say Die",0.99,1,0.99,1,Rock,9,"Kara Nielsen",Denmark,4,"Margaret Park"
"2022-03-16 00:00:00",545,102,3290,"The Zoo",0.99,1,0.99,1,Rock,15,"Jennifer Peterson",Canada,3,"Jane Peacock"
"2022-03-16 00:00:00",546,102,3296,"I Can't Explain",0.99,1,0.99,1,Rock,15,"Jennifer Peterson",Canada,3,"Jane Peacock"
"2022-03-16 00:00:00",547,102,3302,"Put Your Head Out",0.99,1,0.99,17,"Hip Hop/Rap",15,"Jennifer Peterson",Canada,3,"Jane Peacock"
"2022-03-16 00:00:00",548,102,3308,"Danny Boy, Danny Boy",0.99,1,0.99,17,"Hip Hop/Rap",15,"Jennifer Peterson",Canada,3,"Jane Peacock"
"2022-03-16 00:00:00",549,102,3314,"One For The Road",0.99,1,0.99,17,"Hip Hop/Rap",15,"Jennifer Peterson",Canada,3,"Jane Peacock"
"2022-03-16 00:00:00",550,102,3320,"Chapa o Coco",0.99,1,0.99,15,Electronica/Dance,15,"Jennifer Peterson",Canada,3,"Jane Peacock"
"2022-03-16 00:00:00",551,102,3326,"Todo o Carnaval tem seu Fim",0.99,1,0.99,15,Electronica/Dance,15,"Jennifer Peterson",Canada,3,"Jane Peacock"
"2022-03-16 00:00:00",552,102,3332,"Funk de Bamba",0.99,1,0.99,15,Electronica/Dance,15,"Jennifer Peterson",Canada,3,"Jane Peacock"
"2022-03-16 00:00:00",553,102,3338,"The Beginning of the End",1.99,1,1.99,21,Drama,15,"Jennifer Peterson",Canada,3,"Jane Peacock"
"2022-03-21 00:00:00",554,103,3347,"Meet Kevin Johnson",1.99,1,1.99,19,"TV Shows",24,"Frank Ralston",USA,3,"Jane Peacock"
"2022-03-21 00:00:00",555,103,3356,"Muita Bobeira",0.99,1,0.99,7,Latin,24,"Frank Ralston",USA,3,"Jane Peacock"
"2022-03-21 00:00:00",556,103,3365,"Say Hello 2 Heaven",0.99,1,0.99,23,Alternative,24,"Frank Ralston",USA,3,"Jane Peacock"
"2022-03-21 00:00:00",557,103,3374,"All Night Thing",0.99,1,0.99,23,Alternative,24,"Frank Ralston",USA,3,"Jane Peacock"
"2022-03-21 00:00:00",558,103,3383,"Scar On the Sky",0.99,1,0.99,23,Alternative,24,"Frank Ralston",USA,3,"Jane Peacock"
"2022-03-21 00:00:00",559,103,3392,"Until We Fall",0.99,1,0.99,23,Alternative,24,"Frank Ralston",USA,3,"Jane Peacock"
"2022-03-21 00:00:00",560,103,3401,"Show Me How to Live (Live at the Quart Festival)",0.99,1,0.99,23,Alternative,24,"Frank Ralston",USA,3,"Jane Peacock"
"2022-03-21 00:00:00",561,103,3410,"The Messiah: Behold, I Tell You a Mystery... The Trumpet Shall Sound",0.99,1,0.99,24,Classical,24,"Frank Ralston",USA,3,"Jane Peacock"
"2022-03-21 00:00:00",562,103,3419,"Requiem, Op.48: 4. Pie Jesu",0.99,1,0.99,24,Classical,24,"Frank Ralston",USA,3,"Jane Peacock"
"2022-03-21 00:00:00",563,103,3428,"Branch Closing",1.99,1,1.99,22,Comedy,24,"Frank Ralston",USA,3,"Jane Peacock"
"2022-03-21 00:00:00",564,103,3437,"Piano Sonata No. 14 in C Sharp Minor, Op. 27, No. 2, ""Moonlight"": I. Adagio sostenuto",0.99,1,0.99,24,Classical,24,"Frank Ralston",USA,3,"Jane Peacock"
"2022-03-21 00:00:00",565,103,3446,"Symphonie Fantastique, Op. 14: V. Songe d'une nuit du sabbat",0.99,1,0.99,24,Classical,24,"Frank Ralston",USA,3,"Jane Peacock"
"2022-03-21 00:00:00",566,103,3455,Rehab,0.99,1,0.99,14,R&B/Soul,24,"Frank Ralston",USA,3,"Jane Peacock"
"2022-03-21 00:00:00",567,103,3464,"He Can Only Hold Her",0.99,1,0.99,14,R&B/Soul,24,"Frank Ralston",USA,3,"Jane Peacock"
"2022-03-29 00:00:00",568,104,3478,Slowness,0.99,1,0.99,23,Alternative,38,"Niklas Schröder",Germany,3,"Jane Peacock"
"2022-04-11 00:00:00",569,105,3479,"Prometheus Overture, Op. 43",0.99,1,0.99,24,Classical,39,"Camille Bernard",France,4,"Margaret Park"
"2022-04-11 00:00:00",570,105,3480,"Sonata for Solo Violin: IV: Presto",0.99,1,0.99,24,Classical,39,"Camille Bernard",France,4,"Margaret Park"
"2022-04-11 00:00:00",571,106,3482,"Suite No. 3 in D, BWV 1068: III. Gavotte I & II",0.99,1,0.99,24,Classical,41,"Marc Dubois",France,5,"Steve Johnson"
"2022-04-11 00:00:00",572,106,3484,"Adios nonino",0.99,1,0.99,24,Classical,41,"Marc Dubois",France,5,"Steve Johnson"
"2022-04-12 00:00:00",573,107,3486,"Act IV, Symphony",0.99,1,0.99,24,Classical,43,"Isabelle Mercier",France,3,"Jane Peacock"
"2022-04-12 00:00:00",574,107,3488,"Music for the Funeral of Queen Mary: VI. ""Thou Knowest, Lord, the Secrets of Our Hearts""",0.99,1,0.99,24,Classical,43,"Isabelle Mercier",France,3,"Jane Peacock"
"2022-04-12 00:00:00",575,107,3490,"Partita in E Major, BWV 1006A: I. Prelude",0.99,1,0.99,24,Classical,43,"Isabelle Mercier",France,3,"Jane Peacock"
"2022-04-12 00:00:00",576,107,3492,"Sing Joyfully",0.99,1,0.99,24,Classical,43,"Isabelle Mercier",France,3,"Jane Peacock"
"2022-04-13 00:00:00",577,108,3496,"Étude 1, In C Major - Preludio (Presto) - Liszt",0.99,1,0.99,24,Classical,47,"Lucas Mancini",Italy,5,"Steve Johnson"
"2022-04-13 00:00:00",578,108,3500,"String Quartet No. 12 in C Minor, D. 703 ""Quartettsatz"": II. Andante - Allegro assai",0.99,1,0.99,24,Classical,47,"Lucas Mancini",Italy,5,"Steve Johnson"
"2022-04-13 00:00:00",579,108,1,"For Those About To Rock (We Salute You)",0.99,1,0.99,1,Rock,47,"Lucas Mancini",Italy,5,"Steve Johnson"
"2022-04-13 00:00:00",580,108,5,"Princess of the Dawn",0.99,1,0.99,1,Rock,47,"Lucas Mancini",Italy,5,"Steve Johnson"
"2022-04-13 00:00:00",581,108,9,Snowballed,0.99,1,0.99,1,Rock,47,"Lucas Mancini",Italy,5,"Steve Johnson"
"2022-04-13 00:00:00",582,108,13,"Night Of The Long Knives",0.99,1,0.99,1,Rock,47,"Lucas Mancini",Italy,5,"Steve Johnson"
"2022-04-16 00:00:00",583,109,19,"Problem Child",0.99,1,0.99,1,Rock,53,"Phil Hughes","United Kingdom",3,"Jane Peacock"
"2022-04-16 00:00:00",584,109,25,"Rag Doll",0.99,1,0.99,1,Rock,53,"Phil Hughes","United Kingdom",3,"Jane Peacock"
"2022-04-16 00:00:00",585,109,31,"Blind Man",0.99,1,0.99,1,Rock,53,"Phil Hughes","United Kingdom",3,"Jane Peacock"
"2022-04-16 00:00:00",586,109,37,"Livin' On The Edge",0.99,1,0.99,1,Rock,53,"Phil Hughes","United Kingdom",3,"Jane Peacock"
"2022-04-16 00:00:00",587,109,43,Forgiven,0.99,1,0.99,1,Rock,53,"Phil Hughes","United Kingdom",3,"Jane Peacock"
"2022-04-16 00:00:00",588,109,49,"Wake Up",0.99,1,0.99,1,Rock,53,"Phil Hughes","United Kingdom",3,"Jane Peacock"
"2022-04-16 00:00:00",589,109,55,"I Can't Remember",0.99,1,0.99,1,Rock,53,"Phil Hughes","United Kingdom",3,"Jane Peacock"
"2022-04-16 00:00:00",590,109,61,"I Know Somethin (Bout You)",0.99,1,0.99,1,Rock,53,"Phil Hughes","United Kingdom",3,"Jane Peacock"
"2022-04-16 00:00:00",591,109,67,Ligia,0.99,1,0.99,2,Jazz,53,"Phil Hughes","United Kingdom",3,"Jane Peacock"
"2022-04-21 00:00:00",592,110,76,"Canta, Canta Mais",0.99,1,0.99,2,Jazz,3,"François Tremblay",Canada,3,"Jane Peacock"
"2022-04-21 00:00:00",593,110,85,Cochise,0.99,1,0.99,1,Rock,3,"François Tremblay",Canada,3,"Jane Peacock"
"2022-04-21 00:00:00",594,110,94,Hypnotize,0.99,1,0.99,1,Rock,3,"François Tremblay",Canada,3,"Jane Peacock"
"2022-04-21 00:00:00",595,110,103,"Drown Me Slowly",0.99,1,0.99,4,"Alternative & Punk",3,"François Tremblay",Canada,3,"Jane Peacock"
"2022-04-21 00:00:00",596,110,112,"Long Tall Sally",0.99,1,0.99,5,"Rock And Roll",3,"François Tremblay",Canada,3,"Jane Peacock"
"2022-04-21 00:00:00",597,110,121,"Good Golly Miss Molly",0.99,1,0.99,5,"Rock And Roll",3,"François Tremblay",Canada,3,"Jane Peacock"
"2022-04-21 00:00:00",598,110,130,"Do what cha wanna",0.99,1,0.99,2,Jazz,3,"François Tremblay",Canada,3,"Jane Peacock"
"2022-04-21 00:00:00",599,110,139,A.N.D.R.O.T.A.Z.,0.99,1,0.99,3,Metal,3,"François Tremblay",Canada,3,"Jane Peacock"
"2022-04-21 00:00:00",600,110,148,"The Beginning...At Last",0.99,1,0.99,3,Metal,3,"François Tremblay",Canada,3,"Jane Peacock"
"2022-04-21 00:00:00",601,110,157,"Tomorrow's Dream",0.99,1,0.99,3,Metal,3,"François Tremblay",Canada,3,"Jane Peacock"
"2022-04-21 00:00:00",602,110,166,"Smoked Pork",0.99,1,0.99,4,"Alternative & Punk",3,"François Tremblay",Canada,3,"Jane Peacock"
"2022-04-21 00:00:00",603,110,175,Voodoo,0.99,1,0.99,4,"Alternative & Punk",3,"François Tremblay",Canada,3,"Jane Peacock"
"2022-04-21 00:00:00",604,110,184,"Chemical Wedding",0.99,1,0.99,3,Metal,3,"François Tremblay",Canada,3,"Jane Peacock"
"2022-04-21 00:00:00",605,110,193,Realword,0.99,1,0.99,3,Metal,3,"François Tremblay",Canada,3,"Jane Peacock"
"2022-04-29 00:00:00",606,111,207,Meditação,0.99,1,0.99,7,Latin,17,"Jack Smith",USA,5,"Steve Johnson"
"2022-05-12 00:00:00",607,112,208,Terra,0.99,1,0.99,7,Latin,18,"Michelle Brooks",USA,3,"Jane Peacock"
"2022-05-12 00:00:00",608,112,209,"Eclipse Oculto",0.99,1,0.99,7,Latin,18,"Michelle Brooks",USA,3,"Jane Peacock"
"2022-05-12 00:00:00",609,113,211,"Bem Devagar",0.99,1,0.99,7,Latin,20,"Dan Miller",USA,4,"Margaret Park"
"2022-05-12 00:00:00",610,113,213,Saudosismo,0.99,1,0.99,7,Latin,20,"Dan Miller",USA,4,"Margaret Park"
"2022-05-13 00:00:00",611,114,215,Sozinho,0.99,1,0.99,7,Latin,22,"Heather Leacock",USA,4,"Margaret Park"
"2022-05-13 00:00:00",612,114,217,Mel,0.99,1,0.99,7,Latin,22,"Heather Leacock",USA,4,"Margaret Park"
"2022-05-13 00:00:00",613,114,219,Odara,0.99,1,0.99,7,Latin,22,"Heather Leacock",USA,4,"Margaret Park"
"2022-05-13 00:00:00",614,114,221,"Atrás Da Verd-E-Rosa Só Não Vai Quem Já Morreu",0.99,1,0.99,7,Latin,22,"Heather Leacock",USA,4,"Margaret Park"
"2022-05-14 00:00:00",615,115,225,"Sozinho (Caêdrum 'n' Bass)",0.99,1,0.99,7,Latin,26,"Richard Cunningham",USA,4,"Margaret Park"
"2022-05-14 00:00:00",616,115,229,"Samba De Orly",0.99,1,0.99,7,Latin,26,"Richard Cunningham",USA,4,"Margaret Park"
"2022-05-14 00:00:00",617,115,233,"O Que Será (À Flor Da Terra)",0.99,1,0.99,7,Latin,26,"Richard Cunningham",USA,4,"Margaret Park"
"2022-05-14 00:00:00",618,115,237,"Minha Historia",0.99,1,0.99,7,Latin,26,"Richard Cunningham",USA,4,"Margaret Park"
"2022-05-14 00:00:00",619,115,241,"Geni E O Zepelim",0.99,1,0.99,7,Latin,26,"Richard Cunningham",USA,4,"Margaret Park"
"2022-05-14 00:00:00",620,115,245,"Construção / Deus Lhe Pague",0.99,1,0.99,7,Latin,26,"Richard Cunningham",USA,4,"Margaret Park"
"2022-05-17 00:00:00",621,116,251,"Um Passeio No Mundo Livre",0.99,1,0.99,7,Latin,32,"Aaron Mitchell",Canada,4,"Margaret Park"
"2022-05-17 00:00:00",622,116,257,Manguetown,0.99,1,0.99,7,Latin,32,"Aaron Mitchell",Canada,4,"Margaret Park"
"2022-05-17 00:00:00",623,116,263,"Criança De Domingo",0.99,1,0.99,7,Latin,32,"Aaron Mitchell",Canada,4,"Margaret Park"
"2022-05-17 00:00:00",624,116,269,"Banditismo Por Uma Questa",0.99,1,0.99,7,Latin,32,"Aaron Mitchell",Canada,4,"Margaret Park"
"2022-05-17 00:00:00",625,116,275,"Da Lama Ao Caos",0.99,1,0.99,7,Latin,32,"Aaron Mitchell",Canada,4,"Margaret Park"
"2022-05-17 00:00:00",626,116,281,"Computadores Fazem Arte",0.99,1,0.99,7,Latin,32,"Aaron Mitchell",Canada,4,"Margaret Park"
"2022-05-17 00:00:00",627,116,287,Extra,0.99,1,0.99,8,Reggae,32,"Aaron Mitchell",Canada,4,"Margaret Park"
"2022-05-17 00:00:00",628,116,293,"Onde Você Mora?",0.99,1,0.99,8,Reggae,32,"Aaron Mitchell",Canada,4,"Margaret Park"
"2022-05-17 00:00:00",629,116,299,"Onde Você Mora?",0.99,1,0.99,8,Reggae,32,"Aaron Mitchell",Canada,4,"Margaret Park"
"2022-05-22 00:00:00",630,117,308,"Na Frente Da TV",0.99,1,0.99,8,Reggae,41,"Marc Dubois",France,5,"Steve Johnson"
"2022-05-22 00:00:00",631,117,317,"Amor Demais",0.99,1,0.99,7,Latin,41,"Marc Dubois",France,5,"Steve Johnson"
"2022-05-22 00:00:00",632,117,326,"Tapa Aqui, Descobre Ali",0.99,1,0.99,9,Pop,41,"Marc Dubois",France,5,"Steve Johnson"
"2022-05-22 00:00:00",633,117,335,"My Love",0.99,1,0.99,9,Pop,41,"Marc Dubois",France,5,"Steve Johnson"
"2022-05-22 00:00:00",634,117,344,"Travelling Riverside Blues",0.99,1,0.99,1,Rock,41,"Marc Dubois",France,5,"Steve Johnson"
"2022-05-22 00:00:00",635,117,353,"Sam With The Showing Scalp Flat Top",0.99,1,0.99,1,Rock,41,"Marc Dubois",France,5,"Steve Johnson"
"2022-05-22 00:00:00",636,117,362,"Gavioes 2001",0.99,1,0.99,10,Soundtrack,41,"Marc Dubois",France,5,"Steve Johnson"
"2022-05-22 00:00:00",637,117,371,"Morro Da Casa Verde 2001",0.99,1,0.99,10,Soundtrack,41,"Marc Dubois",France,5,"Steve Johnson"
"2022-05-22 00:00:00",638,117,380,"Samba da Bençaco",0.99,1,0.99,7,Latin,41,"Marc Dubois",France,5,"Steve Johnson"
"2022-05-22 00:00:00",639,117,389,"Maria Fumaça",0.99,1,0.99,7,Latin,41,"Marc Dubois",France,5,"Steve Johnson"
"2022-05-22 00:00:00",640,117,398,"Only A Dream In Rio",0.99,1,0.99,7,Latin,41,"Marc Dubois",France,5,"Steve Johnson"
"2022-05-22 00:00:00",641,117,407,"Só Tinha De Ser Com Você",0.99,1,0.99,7,Latin,41,"Marc Dubois",France,5,"Steve Johnson"
"2022-05-22 00:00:00",642,117,416,"Whiskey In The Jar",0.99,1,0.99,3,Metal,41,"Marc Dubois",France,5,"Steve Johnson"
"2022-05-22 00:00:00",643,117,425,"It's A Hard Life",0.99,1,0.99,1,Rock,41,"Marc Dubois",France,5,"Steve Johnson"
"2022-05-30 00:00:00",644,118,439,"Sure Know Something",0.99,1,0.99,1,Rock,55,"Mark Taylor",Australia,4,"Margaret Park"
"2022-06-12 00:00:00",645,119,440,"Love Gun",0.99,1,0.99,1,Rock,56,"Diego Gutiérrez",Argentina,4,"Margaret Park"
"2022-06-12 00:00:00",646,119,441,Deuce,0.99,1,0.99,1,Rock,56,"Diego Gutiérrez",Argentina,4,"Margaret Park"
"2022-06-12 00:00:00",647,120,443,"Shock Me",0.99,1,0.99,1,Rock,58,"Manoj Pareek",India,3,"Jane Peacock"
"2022-06-12 00:00:00",648,120,445,She,0.99,1,0.99,1,Rock,58,"Manoj Pareek",India,3,"Jane Peacock"
"2022-06-13 00:00:00",649,121,447,"Shout It Out Loud",0.99,1,0.99,1,Rock,1,"Luís Gonçalves",Brazil,3,"Jane Peacock"
"2022-06-13 00:00:00",650,121,449,"Calling Dr. Love",0.99,1,0.99,1,Rock,1,"Luís Gonçalves",Brazil,3,"Jane Peacock"
"2022-06-13 00:00:00",651,121,451,Strutter,0.99,1,0.99,1,Rock,1,"Luís Gonçalves",Brazil,3,"Jane Peacock"
"2022-06-13 00:00:00",652,121,453,"Cold Gin",0.99,1,0.99,1,Rock,1,"Luís Gonçalves",Brazil,3,"Jane Peacock"
"2022-06-14 00:00:00",653,122,457,"De La Luz",0.99,1,0.99,2,Jazz,5,"František Wichterlová","Czech Republic",4,"Margaret Park"
"2022-06-14 00:00:00",654,122,461,Surrender,0.99,1,0.99,2,Jazz,5,"František Wichterlová","Czech Republic",4,"Margaret Park"
"2022-06-14 00:00:00",655,122,465,"When Evening Falls",0.99,1,0.99,2,Jazz,5,"František Wichterlová","Czech Republic",4,"Margaret Park"
"2022-06-14 00:00:00",656,122,469,"Poprocks And Coke",0.99,1,0.99,4,"Alternative & Punk",5,"František Wichterlová","Czech Republic",4,"Margaret Park"
"2022-06-14 00:00:00",657,122,473,"When I Come Around",0.99,1,0.99,4,"Alternative & Punk",5,"František Wichterlová","Czech Republic",4,"Margaret Park"
"2022-06-14 00:00:00",658,122,477,"Brain Stew",0.99,1,0.99,4,"Alternative & Punk",5,"František Wichterlová","Czech Republic",4,"Margaret Park"
"2022-06-17 00:00:00",659,123,483,Redundant,0.99,1,0.99,4,"Alternative & Punk",11,"Alexandre Rocha",Brazil,5,"Steve Johnson"
"2022-06-17 00:00:00",660,123,489,"Into The Light",0.99,1,0.99,1,Rock,11,"Alexandre Rocha",Brazil,5,"Steve Johnson"
"2022-06-17 00:00:00",661,123,495,"Cry For Love",0.99,1,0.99,1,Rock,11,"Alexandre Rocha",Brazil,5,"Steve Johnson"
"2022-06-17 00:00:00",662,123,501,"Grito De Alerta",0.99,1,0.99,7,Latin,11,"Alexandre Rocha",Brazil,5,"Steve Johnson"
"2022-06-17 00:00:00",663,123,507,"Lindo Lago Do Amor",0.99,1,0.99,7,Latin,11,"Alexandre Rocha",Brazil,5,"Steve Johnson"
"2022-06-17 00:00:00",664,123,513,"Ponto De Interrogação",0.99,1,0.99,7,Latin,11,"Alexandre Rocha",Brazil,5,"Steve Johnson"
"2022-06-17 00:00:00",665,123,519,"Voce Nao Entende Nada - Cotidiano",0.99,1,0.99,7,Latin,11,"Alexandre Rocha",Brazil,5,"Steve Johnson"
"2022-06-17 00:00:00",666,123,525,"O Leaozinho",0.99,1,0.99,7,Latin,11,"Alexandre Rocha",Brazil,5,"Steve Johnson"
"2022-06-17 00:00:00",667,123,531,"Top Top",0.99,1,0.99,4,"Alternative & Punk",11,"Alexandre Rocha",Brazil,5,"Steve Johnson"
"2022-06-22 00:00:00",668,124,540,"Posso Perder Minha Mulher, Minha Mãe, Desde Que Eu Tenha O Rock And Roll",0.99,1,0.99,4,"Alternative & Punk",20,"Dan Miller",USA,4,"Margaret Park"
"2022-06-22 00:00:00",669,124,549,"You Fool No One",0.99,1,0.99,1,Rock,20,"Dan Miller",USA,4,"Margaret Park"
"2022-06-22 00:00:00",670,124,558,Viradouro,0.99,1,0.99,7,Latin,20,"Dan Miller",USA,4,"Margaret Park"
"2022-06-22 00:00:00",671,124,567,Tradição,0.99,1,0.99,7,Latin,20,"Dan Miller",USA,4,"Margaret Park"
"2022-06-22 00:00:00",672,124,576,"Maria Maria",0.99,1,0.99,1,Rock,20,"Dan Miller",USA,4,"Margaret Park"
"2022-06-22 00:00:00",673,124,585,"Entre E Ouça",0.99,1,0.99,7,Latin,20,"Dan Miller",USA,4,"Margaret Park"
"2022-06-22 00:00:00",674,124,594,"Agora Que O Dia Acordou",0.99,1,0.99,7,Latin,20,"Dan Miller",USA,4,"Margaret Park"
"2022-06-22 00:00:00",675,124,603,"Bye Bye Blackbird",0.99,1,0.99,2,Jazz,20,"Dan Miller",USA,4,"Margaret Park"
"2022-06-22 00:00:00",676,124,612,Nefertiti,0.99,1,0.99,2,Jazz,20,"Dan Miller",USA,4,"Margaret Park"
"2022-06-22 00:00:00",677,124,621,"Going Down / Highway Star",0.99,1,0.99,1,Rock,20,"Dan Miller",USA,4,"Margaret Park"
"2022-06-22 00:00:00",678,124,630,"Boogie Blues",0.99,1,0.99,2,Jazz,20,"Dan Miller",USA,4,"Margaret Park"
"2022-06-22 00:00:00",679,124,639,"Don't Take Your Love From Me",0.99,1,0.99,2,Jazz,20,"Dan Miller",USA,4,"Margaret Park"
"2022-06-22 00:00:00",680,124,648,"Onde Anda Você",0.99,1,0.99,11,"Bossa Nova",20,"Dan Miller",USA,4,"Margaret Park"
"2022-06-22 00:00:00",681,124,657,Deixa,0.99,1,0.99,11,"Bossa Nova",20,"Dan Miller",USA,4,"Margaret Park"
"2022-06-30 00:00:00",682,125,671,"As Rosas Não Falam (Beth Carvalho)",0.99,1,0.99,7,Latin,34,"João Fernandes",Portugal,4,"Margaret Park"
"2022-07-13 00:00:00",683,126,672,"Wave (Os Cariocas)",0.99,1,0.99,7,Latin,35,"Madalena Sampaio",Portugal,4,"Margaret Park"
"2022-07-13 00:00:00",684,126,673,"Garota de Ipanema (Dick Farney)",0.99,1,0.99,7,Latin,35,"Madalena Sampaio",Portugal,4,"Margaret Park"
"2022-07-13 00:00:00",685,127,675,"Susie Q",0.99,1,0.99,1,Rock,37,"Fynn Zimmermann",Germany,3,"Jane Peacock"
"2022-07-13 00:00:00",686,127,677,"Proud Mary",0.99,1,0.99,1,Rock,37,"Fynn Zimmermann",Germany,3,"Jane Peacock"
"2022-07-14 00:00:00",687,128,679,Lodi,0.99,1,0.99,1,Rock,39,"Camille Bernard",France,4,"Margaret Park"
"2022-07-14 00:00:00",688,128,681,Commotion,0.99,1,0.99,1,Rock,39,"Camille Bernard",France,4,"Margaret Park"
"2022-07-14 00:00:00",689,128,683,"Fortunate Son",0.99,1,0.99,1,Rock,39,"Camille Bernard",France,4,"Margaret Park"
"2022-07-14 00:00:00",690,128,685,"Who'll Stop The Rain",0.99,1,0.99,1,Rock,39,"Camille Bernard",France,4,"Margaret Park"
"2022-07-15 00:00:00",691,129,689,"Long As I Can See The Light",0.99,1,0.99,1,Rock,43,"Isabelle Mercier",France,3,"Jane Peacock"
"2022-07-15 00:00:00",692,129,693,"Sweet Hitch-Hiker",0.99,1,0.99,1,Rock,43,"Isabelle Mercier",France,3,"Jane Peacock"
"2022-07-15 00:00:00",693,129,697,"Born On The Bayou",0.99,1,0.99,1,Rock,43,"Isabelle Mercier",France,3,"Jane Peacock"
"2022-07-15 00:00:00",694,129,701,"Night Time Is The Right Time",0.99,1,0.99,1,Rock,43,"Isabelle Mercier",France,3,"Jane Peacock"
"2022-07-15 00:00:00",695,129,705,"The Midnight Special",0.99,1,0.99,1,Rock,43,"Isabelle Mercier",France,3,"Jane Peacock"
"2022-07-15 00:00:00",696,129,709,"(Wish I Could) Hideaway",0.99,1,0.99,1,Rock,43,"Isabelle Mercier",France,3,"Jane Peacock"
"2022-07-18 00:00:00",697,130,715,"Gatas Extraordinárias",0.99,1,0.99,7,Latin,49,"Stanisław Wójcik",Poland,4,"Margaret Park"
"2022-07-18 00:00:00",698,130,721,"Você Passa, Eu Acho Graça (Ao Vivo)",0.99,1,0.99,7,Latin,49,"Stanisław Wójcik",Poland,4,"Margaret Park"
"2022-07-18 00:00:00",699,130,727,"Não Sei O Que Eu Quero Da Vida",0.99,1,0.99,7,Latin,49,"Stanisław Wójcik",Poland,4,"Margaret Park"
"2022-07-18 00:00:00",700,130,733,E.C.T.,0.99,1,0.99,7,Latin,49,"Stanisław Wójcik",Poland,4,"Margaret Park"
"2022-07-18 00:00:00",701,130,739,"Eleanor Rigby",0.99,1,0.99,7,Latin,49,"Stanisław Wójcik",Poland,4,"Margaret Park"
"2022-07-18 00:00:00",702,130,745,"Comin' Home",0.99,1,0.99,1,Rock,49,"Stanisław Wójcik",Poland,4,"Margaret Park"
"2022-07-18 00:00:00",703,130,751,"Love Child",0.99,1,0.99,1,Rock,49,"Stanisław Wójcik",Poland,4,"Margaret Park"
"2022-07-18 00:00:00",704,130,757,"Flight Of The Rat",0.99,1,0.99,1,Rock,49,"Stanisław Wójcik",Poland,4,"Margaret Park"
"2022-07-18 00:00:00",705,130,763,"Strange Kind Of Woman",0.99,1,0.99,1,Rock,49,"Stanisław Wójcik",Poland,4,"Margaret Park"
"2022-07-23 00:00:00",706,131,772,"Black Night",0.99,1,0.99,1,Rock,58,"Manoj Pareek",India,3,"Jane Peacock"
"2022-07-23 00:00:00",707,131,781,"Pictures Of Home",0.99,1,0.99,1,Rock,58,"Manoj Pareek",India,3,"Jane Peacock"
"2022-07-23 00:00:00",708,131,790,"Cascades : I'm Not Your Lover",0.99,1,0.99,1,Rock,58,"Manoj Pareek",India,3,"Jane Peacock"
"2022-07-23 00:00:00",709,131,799,"The Cut Runs Deep",0.99,1,0.99,1,Rock,58,"Manoj Pareek",India,3,"Jane Peacock"
"2022-07-23 00:00:00",710,131,808,"Love Don't Mean a Thing",0.99,1,0.99,1,Rock,58,"Manoj Pareek",India,3,"Jane Peacock"
"2022-07-23 00:00:00",711,131,817,"Lick It Up",0.99,1,0.99,1,Rock,58,"Manoj Pareek",India,3,"Jane Peacock"
"2022-07-23 00:00:00",712,131,826,"Pour Some Sugar On Me",0.99,1,0.99,1,Rock,58,"Manoj Pareek",India,3,"Jane Peacock"
"2022-07-23 00:00:00",713,131,835,Action,0.99,1,0.99,1,Rock,58,"Manoj Pareek",India,3,"Jane Peacock"
"2022-07-23 00:00:00",714,131,844,"Groovus Interruptus",0.99,1,0.99,2,Jazz,58,"Manoj Pareek",India,3,"Jane Peacock"
"2022-07-23 00:00:00",715,131,853,Cigano,0.99,1,0.99,7,Latin,58,"Manoj Pareek",India,3,"Jane Peacock"
"2022-07-23 00:00:00",716,131,862,Acelerou,0.99,1,0.99,7,Latin,58,"Manoj Pareek",India,3,"Jane Peacock"
"2022-07-23 00:00:00",717,131,871,Azul,0.99,1,0.99,7,Latin,58,"Manoj Pareek",India,3,"Jane Peacock"
"2022-07-23 00:00:00",718,131,880,"Dois Pra Lá, Dois Pra Cá",0.99,1,0.99,7,Latin,58,"Manoj Pareek",India,3,"Jane Peacock"
"2022-07-23 00:00:00",719,131,889,"Maria Rosa",0.99,1,0.99,7,Latin,58,"Manoj Pareek",India,3,"Jane Peacock"
"2022-07-31 00:00:00",720,132,903,"Lay Down Sally",0.99,1,0.99,6,Blues,13,"Fernanda Ramos",Brazil,4,"Margaret Park"
"2022-08-13 00:00:00",721,133,904,"Knockin On Heavens Door",0.99,1,0.99,6,Blues,14,"Mark Philips",Canada,5,"Steve Johnson"
"2022-08-13 00:00:00",722,133,905,"Wonderful Tonight",0.99,1,0.99,6,Blues,14,"Mark Philips",Canada,5,"Steve Johnson"
"2022-08-13 00:00:00",723,134,907,Promises,0.99,1,0.99,6,Blues,16,"Frank Harris",USA,4,"Margaret Park"
"2022-08-13 00:00:00",724,134,909,Signe,0.99,1,0.99,6,Blues,16,"Frank Harris",USA,4,"Margaret Park"
"2022-08-14 00:00:00",725,135,911,"Hey Hey",0.99,1,0.99,6,Blues,18,"Michelle Brooks",USA,3,"Jane Peacock"
"2022-08-14 00:00:00",726,135,913,"Lonely Stranger",0.99,1,0.99,6,Blues,18,"Michelle Brooks",USA,3,"Jane Peacock"
"2022-08-14 00:00:00",727,135,915,Layla,0.99,1,0.99,6,Blues,18,"Michelle Brooks",USA,3,"Jane Peacock"
"2022-08-14 00:00:00",728,135,917,"Walkin' Blues",0.99,1,0.99,6,Blues,18,"Michelle Brooks",USA,3,"Jane Peacock"
"2022-08-15 00:00:00",729,136,921,"Old Love",0.99,1,0.99,6,Blues,22,"Heather Leacock",USA,4,"Margaret Park"
"2022-08-15 00:00:00",730,136,925,"Last Cup Of Sorrow",0.99,1,0.99,4,"Alternative & Punk",22,"Heather Leacock",USA,4,"Margaret Park"
"2022-08-15 00:00:00",731,136,929,"Ashes To Ashes",0.99,1,0.99,4,"Alternative & Punk",22,"Heather Leacock",USA,4,"Margaret Park"
"2022-08-15 00:00:00",732,136,933,"Home Sick Home",0.99,1,0.99,4,"Alternative & Punk",22,"Heather Leacock",USA,4,"Margaret Park"
"2022-08-15 00:00:00",733,136,937,"Midlife Crisis",0.99,1,0.99,4,"Alternative & Punk",22,"Heather Leacock",USA,4,"Margaret Park"
"2022-08-15 00:00:00",734,136,941,Malpractice,0.99,1,0.99,4,"Alternative & Punk",22,"Heather Leacock",USA,4,"Margaret Park"
"2022-08-18 00:00:00",735,137,947,"Midnight Cowboy",0.99,1,0.99,4,"Alternative & Punk",28,"Julia Barnett",USA,5,"Steve Johnson"
"2022-08-18 00:00:00",736,137,953,"Star A.D.",0.99,1,0.99,1,Rock,28,"Julia Barnett",USA,5,"Steve Johnson"
"2022-08-18 00:00:00",737,137,959,"King For A Day",0.99,1,0.99,1,Rock,28,"Julia Barnett",USA,5,"Steve Johnson"
"2022-08-18 00:00:00",738,137,965,Epic,0.99,1,0.99,4,"Alternative & Punk",28,"Julia Barnett",USA,5,"Steve Johnson"
"2022-08-18 00:00:00",739,137,971,"The Morning After",0.99,1,0.99,4,"Alternative & Punk",28,"Julia Barnett",USA,5,"Steve Johnson"
"2022-08-18 00:00:00",740,137,977,"Xote Dos Milagres",0.99,1,0.99,7,Latin,28,"Julia Barnett",USA,5,"Steve Johnson"
"2022-08-18 00:00:00",741,137,983,Principiando/Decolagem,0.99,1,0.99,7,Latin,28,"Julia Barnett",USA,5,"Steve Johnson"
"2022-08-18 00:00:00",742,137,989,"In Your Honor",0.99,1,0.99,1,Rock,28,"Julia Barnett",USA,5,"Steve Johnson"
"2022-08-18 00:00:00",743,137,995,"Free Me",0.99,1,0.99,1,Rock,28,"Julia Barnett",USA,5,"Steve Johnson"
"2022-08-23 00:00:00",744,138,1004,"Over And Out",0.99,1,0.99,1,Rock,37,"Fynn Zimmermann",Germany,3,"Jane Peacock"
"2022-08-23 00:00:00",745,138,1013,"Disenchanted Lullaby",0.99,1,0.99,4,"Alternative & Punk",37,"Fynn Zimmermann",Germany,3,"Jane Peacock"
"2022-08-23 00:00:00",746,138,1022,"Hey, Johnny Park!",0.99,1,0.99,1,Rock,37,"Fynn Zimmermann",Germany,3,"Jane Peacock"
"2022-08-23 00:00:00",747,138,1031,"Walking After You",0.99,1,0.99,1,Rock,37,"Fynn Zimmermann",Germany,3,"Jane Peacock"
"2022-08-23 00:00:00",748,138,1040,"Summer Love",0.99,1,0.99,12,"Easy Listening",37,"Fynn Zimmermann",Germany,3,"Jane Peacock"
"2022-08-23 00:00:00",749,138,1049,"Come Fly With Me",0.99,1,0.99,12,"Easy Listening",37,"Fynn Zimmermann",Germany,3,"Jane Peacock"
"2022-08-23 00:00:00",750,138,1058,Nervosa,0.99,1,0.99,7,Latin,37,"Fynn Zimmermann",Germany,3,"Jane Peacock"
"2022-08-23 00:00:00",751,138,1067,"Meu Guarda-Chuva",0.99,1,0.99,7,Latin,37,"Fynn Zimmermann",Germany,3,"Jane Peacock"
"2022-08-23 00:00:00",752,138,1076,Juazeiro,0.99,1,0.99,10,Soundtrack,37,"Fynn Zimmermann",Germany,3,"Jane Peacock"
"2022-08-23 00:00:00",753,138,1085,"Lamento Sertanejo",0.99,1,0.99,10,Soundtrack,37,"Fynn Zimmermann",Germany,3,"Jane Peacock"
"2022-08-23 00:00:00",754,138,1094,"Estrela (Live)",0.99,1,0.99,7,Latin,37,"Fynn Zimmermann",Germany,3,"Jane Peacock"
"2022-08-23 00:00:00",755,138,1103,"Lamento De Carnaval",0.99,1,0.99,2,Jazz,37,"Fynn Zimmermann",Germany,3,"Jane Peacock"
"2022-08-23 00:00:00",756,138,1112,"Beira Mar",0.99,1,0.99,7,Latin,37,"Fynn Zimmermann",Germany,3,"Jane Peacock"
"2022-08-23 00:00:00",757,138,1121,"Straight Out Of Line",0.99,1,0.99,3,Metal,37,"Fynn Zimmermann",Germany,3,"Jane Peacock"
"2022-08-31 00:00:00",758,139,1135,Holiday,0.99,1,0.99,4,"Alternative & Punk",51,"Joakim Johansson",Sweden,5,"Steve Johnson"
"2022-09-13 00:00:00",759,140,1136,"Boulevard Of Broken Dreams",0.99,1,0.99,4,"Alternative & Punk",52,"Emma Jones","United Kingdom",3,"Jane Peacock"
"2022-09-13 00:00:00",760,140,1137,"Are We The Waiting",0.99,1,0.99,4,"Alternative & Punk",52,"Emma Jones","United Kingdom",3,"Jane Peacock"
"2022-09-13 00:00:00",761,141,1139,"Give Me Novacaine",0.99,1,0.99,4,"Alternative & Punk",54,"Steve Murray","United Kingdom",5,"Steve Johnson"
"2022-09-13 00:00:00",762,141,1141,"Extraordinary Girl",0.99,1,0.99,4,"Alternative & Punk",54,"Steve Murray","United Kingdom",5,"Steve Johnson"
"2022-09-14 00:00:00",763,142,1143,"Wake Me Up When September Ends",0.99,1,0.99,4,"Alternative & Punk",56,"Diego Gutiérrez",Argentina,4,"Margaret Park"
"2022-09-14 00:00:00",764,142,1145,Whatsername,0.99,1,0.99,4,"Alternative & Punk",56,"Diego Gutiérrez",Argentina,4,"Margaret Park"
"2022-09-14 00:00:00",765,142,1147,"It's So Easy",0.99,1,0.99,1,Rock,56,"Diego Gutiérrez",Argentina,4,"Margaret Park"
"2022-09-14 00:00:00",766,142,1149,"Out Ta Get Me",0.99,1,0.99,1,Rock,56,"Diego Gutiérrez",Argentina,4,"Margaret Park"
"2022-09-15 00:00:00",767,143,1153,"Think About You",0.99,1,0.99,1,Rock,1,"Luís Gonçalves",Brazil,3,"Jane Peacock"
"2022-09-15 00:00:00",768,143,1157,"Rocket Queen",0.99,1,0.99,1,Rock,1,"Luís Gonçalves",Brazil,3,"Jane Peacock"
"2022-09-15 00:00:00",769,143,1161,"Don't Cry (Original)",0.99,1,0.99,1,Rock,1,"Luís Gonçalves",Brazil,3,"Jane Peacock"
"2022-09-15 00:00:00",770,143,1165,"Back off Bitch",0.99,1,0.99,1,Rock,1,"Luís Gonçalves",Brazil,3,"Jane Peacock"
"2022-09-15 00:00:00",771,143,1169,"Garden of Eden",0.99,1,0.99,1,Rock,1,"Luís Gonçalves",Brazil,3,"Jane Peacock"
"2022-09-15 00:00:00",772,143,1173,Coma,0.99,1,0.99,1,Rock,1,"Luís Gonçalves",Brazil,3,"Jane Peacock"
"2022-09-18 00:00:00",773,144,1179,"Shotgun Blues",0.99,1,0.99,3,Metal,7,"Astrid Gruber",Austria,5,"Steve Johnson"
"2022-09-18 00:00:00",774,144,1185,"You Could Be Mine",0.99,1,0.99,3,Metal,7,"Astrid Gruber",Austria,5,"Steve Johnson"
"2022-09-18 00:00:00",775,144,1191,"Deep Waters",0.99,1,0.99,2,Jazz,7,"Astrid Gruber",Austria,5,"Steve Johnson"
"2022-09-18 00:00:00",776,144,1197,"Thinking 'Bout Tomorrow",0.99,1,0.99,2,Jazz,7,"Astrid Gruber",Austria,5,"Steve Johnson"
"2022-09-18 00:00:00",777,144,1203,"Brighter Than a Thousand Suns",0.99,1,0.99,1,Rock,7,"Astrid Gruber",Austria,5,"Steve Johnson"
"2022-09-18 00:00:00",778,144,1209,"Lord of Light",0.99,1,0.99,1,Rock,7,"Astrid Gruber",Austria,5,"Steve Johnson"
"2022-09-18 00:00:00",779,144,1215,Transylvania,0.99,1,0.99,3,Metal,7,"Astrid Gruber",Austria,5,"Steve Johnson"
"2022-09-18 00:00:00",780,144,1221,"2 Minutes To Midnight",0.99,1,0.99,3,Metal,7,"Astrid Gruber",Austria,5,"Steve Johnson"
"2022-09-18 00:00:00",781,144,1227,"Wasting Love",0.99,1,0.99,3,Metal,7,"Astrid Gruber",Austria,5,"Steve Johnson"
"2022-09-23 00:00:00",782,145,1236,"Ghost Of The Navigator",0.99,1,0.99,1,Rock,16,"Frank Harris",USA,4,"Margaret Park"
"2022-09-23 00:00:00",783,145,1245,"Wildest Dreams",0.99,1,0.99,13,"Heavy Metal",16,"Frank Harris",USA,4,"Margaret Park"
"2022-09-23 00:00:00",784,145,1254,"Age Of Innocence",0.99,1,0.99,13,"Heavy Metal",16,"Frank Harris",USA,4,"Margaret Park"
"2022-09-23 00:00:00",785,145,1263,"Chains Of Misery",0.99,1,0.99,1,Rock,16,"Frank Harris",USA,4,"Margaret Park"
"2022-09-23 00:00:00",786,145,1272,"05 - Phantom of the Opera",0.99,1,0.99,6,Blues,16,"Frank Harris",USA,4,"Margaret Park"
"2022-09-23 00:00:00",787,145,1281,"Genghis Khan",0.99,1,0.99,13,"Heavy Metal",16,"Frank Harris",USA,4,"Margaret Park"
"2022-09-23 00:00:00",788,145,1290,"The Trooper",0.99,1,0.99,3,Metal,16,"Frank Harris",USA,4,"Margaret Park"
"2022-09-23 00:00:00",789,145,1299,"Running Free",0.99,1,0.99,3,Metal,16,"Frank Harris",USA,4,"Margaret Park"
"2022-09-23 00:00:00",790,145,1308,"From Here To Eternity",0.99,1,0.99,1,Rock,16,"Frank Harris",USA,4,"Margaret Park"
"2022-09-23 00:00:00",791,145,1317,"Heaven Can Wait",0.99,1,0.99,1,Rock,16,"Frank Harris",USA,4,"Margaret Park"
"2022-09-23 00:00:00",792,145,1326,"Holy Smoke",0.99,1,0.99,3,Metal,16,"Frank Harris",USA,4,"Margaret Park"
"2022-09-23 00:00:00",793,145,1335,"Where Eagles Dare",0.99,1,0.99,3,Metal,16,"Frank Harris",USA,4,"Margaret Park"
"2022-09-23 00:00:00",794,145,1344,"Aces High",0.99,1,0.99,3,Metal,16,"Frank Harris",USA,4,"Margaret Park"
"2022-09-23 00:00:00",795,145,1353,"The Wicker Man",0.99,1,0.99,3,Metal,16,"Frank Harris",USA,4,"Margaret Park"
"2022-10-01 00:00:00",796,146,1367,"The Number Of The Beast",0.99,1,0.99,1,Rock,30,"Edward Francis",Canada,3,"Jane Peacock"
"2022-10-14 00:00:00",797,147,1368,"Hallowed Be Thy Name",0.99,1,0.99,1,Rock,31,"Martha Silk",Canada,5,"Steve Johnson"
"2022-10-14 00:00:00",798,147,1369,Sanctuary,0.99,1,0.99,1,Rock,31,"Martha Silk",Canada,5,"Steve Johnson"
"2022-10-14 00:00:00",799,148,1371,Moonchild,0.99,1,0.99,3,Metal,33,"Ellie Sullivan",Canada,3,"Jane Peacock"
"2022-10-14 00:00:00",800,148,1373,"Can I Play With Madness",0.99,1,0.99,3,Metal,33,"Ellie Sullivan",Canada,3,"Jane Peacock"
"2022-10-15 00:00:00",801,149,1375,"Seventh Son of a Seventh Son",0.99,1,0.99,3,Metal,35,"Madalena Sampaio",Portugal,4,"Margaret Park"
"2022-10-15 00:00:00",802,149,1377,"The Clairvoyant",0.99,1,0.99,3,Metal,35,"Madalena Sampaio",Portugal,4,"Margaret Park"
"2022-10-15 00:00:00",803,149,1379,"Caught Somewhere in Time",0.99,1,0.99,3,Metal,35,"Madalena Sampaio",Portugal,4,"Margaret Park"
"2022-10-15 00:00:00",804,149,1381,"Sea of Madness",0.99,1,0.99,3,Metal,35,"Madalena Sampaio",Portugal,4,"Margaret Park"
"2022-10-16 00:00:00",805,150,1385,"De Ja Vu",0.99,1,0.99,3,Metal,39,"Camille Bernard",France,4,"Margaret Park"
"2022-10-16 00:00:00",806,150,1389,Gangland,0.99,1,0.99,3,Metal,39,"Camille Bernard",France,4,"Margaret Park"
"2022-10-16 00:00:00",807,150,1393,"The Number Of The Beast",0.99,1,0.99,1,Rock,39,"Camille Bernard",France,4,"Margaret Park"
"2022-10-16 00:00:00",808,150,1397,"Man On The Edge",0.99,1,0.99,1,Rock,39,"Camille Bernard",France,4,"Margaret Park"
"2022-10-16 00:00:00",809,150,1401,"Judgement Of Heaven",0.99,1,0.99,1,Rock,39,"Camille Bernard",France,4,"Margaret Park"
"2022-10-16 00:00:00",810,150,1405,"The Unbeliever",0.99,1,0.99,1,Rock,39,"Camille Bernard",France,4,"Margaret Park"
"2022-10-19 00:00:00",811,151,1411,"The Educated Fool",0.99,1,0.99,1,Rock,45,"Ladislav Kovács",Hungary,3,"Jane Peacock"
"2022-10-19 00:00:00",812,151,1417,"Out Of Sight",0.99,1,0.99,14,R&B/Soul,45,"Ladislav Kovács",Hungary,3,"Jane Peacock"
"2022-10-19 00:00:00",813,151,1423,"Get Up (I Feel Like Being A) Sex Machine",0.99,1,0.99,14,R&B/Soul,45,"Ladislav Kovács",Hungary,3,"Jane Peacock"
"2022-10-19 00:00:00",814,151,1429,"It's Too Funky In Here",0.99,1,0.99,14,R&B/Soul,45,"Ladislav Kovács",Hungary,3,"Jane Peacock"
"2022-10-19 00:00:00",815,151,1435,"Too Young To Die",0.99,1,0.99,1,Rock,45,"Ladislav Kovács",Hungary,3,"Jane Peacock"
"2022-10-19 00:00:00",816,151,1441,"Blow Your Mind",0.99,1,0.99,1,Rock,45,"Ladislav Kovács",Hungary,3,"Jane Peacock"
"2022-10-19 00:00:00",817,151,1447,"Soul Education",0.99,1,0.99,14,R&B/Soul,45,"Ladislav Kovács",Hungary,3,"Jane Peacock"
"2022-10-19 00:00:00",818,151,1453,"King For A Day",0.99,1,0.99,14,R&B/Soul,45,"Ladislav Kovács",Hungary,3,"Jane Peacock"
"2022-10-19 00:00:00",819,151,1459,"Manifest Destiny",0.99,1,0.99,15,Electronica/Dance,45,"Ladislav Kovács",Hungary,3,"Jane Peacock"
"2022-10-24 00:00:00",820,152,1468,"Rollover D.J.",0.99,1,0.99,4,"Alternative & Punk",54,"Steve Murray","United Kingdom",5,"Steve Johnson"
"2022-10-24 00:00:00",821,152,1477,"Lazy Gun",0.99,1,0.99,4,"Alternative & Punk",54,"Steve Murray","United Kingdom",5,"Steve Johnson"
"2022-10-24 00:00:00",822,152,1486,Fire,0.99,1,0.99,1,Rock,54,"Steve Murray","United Kingdom",5,"Steve Johnson"
"2022-10-24 00:00:00",823,152,1495,"Highway Chile",0.99,1,0.99,1,Rock,54,"Steve Murray","United Kingdom",5,"Steve Johnson"
"2022-10-24 00:00:00",824,152,1504,Midnight,0.99,1,0.99,1,Rock,54,"Steve Murray","United Kingdom",5,"Steve Johnson"
"2022-10-24 00:00:00",825,152,1513,"Charles Anjo 45",0.99,1,0.99,7,Latin,54,"Steve Murray","United Kingdom",5,"Steve Johnson"
"2022-10-24 00:00:00",826,152,1522,"Vou Pra Ai",0.99,1,0.99,7,Latin,54,"Steve Murray","United Kingdom",5,"Steve Johnson"
"2022-10-24 00:00:00",827,152,1531,Onibusfobia,0.99,1,0.99,7,Latin,54,"Steve Murray","United Kingdom",5,"Steve Johnson"
"2022-10-24 00:00:00",828,152,1540,Papelão,0.99,1,0.99,16,World,54,"Steve Murray","United Kingdom",5,"Steve Johnson"
"2022-10-24 00:00:00",829,152,1549,"Hot Rockin'",0.99,1,0.99,3,Metal,54,"Steve Murray","United Kingdom",5,"Steve Johnson"
"2022-10-24 00:00:00",830,152,1558,"Ram It Down",0.99,1,0.99,3,Metal,54,"Steve Murray","United Kingdom",5,"Steve Johnson"
"2022-10-24 00:00:00",831,152,1567,"Sure Know Something",0.99,1,0.99,1,Rock,54,"Steve Murray","United Kingdom",5,"Steve Johnson"
"2022-10-24 00:00:00",832,152,1576,"Rock And Roll All Nite",0.99,1,0.99,1,Rock,54,"Steve Murray","United Kingdom",5,"Steve Johnson"
"2022-10-24 00:00:00",833,152,1585,"Whole Lotta Love (Medley)",0.99,1,0.99,1,Rock,54,"Steve Murray","United Kingdom",5,"Steve Johnson"
"2022-11-01 00:00:00",834,153,1599,"Dancing Days",0.99,1,0.99,1,Rock,9,"Kara Nielsen",Denmark,4,"Margaret Park"
"2022-11-14 00:00:00",835,154,1600,"D'Yer Mak'er",0.99,1,0.99,1,Rock,10,"Eduardo Martins",Brazil,4,"Margaret Park"
"2022-11-14 00:00:00",836,154,1601,"No Quarter",0.99,1,0.99,1,Rock,10,"Eduardo Martins",Brazil,4,"Margaret Park"
"2022-11-14 00:00:00",837,155,1603,"In The Evening",0.99,1,0.99,1,Rock,12,"Roberto Almeida",Brazil,3,"Jane Peacock"
"2022-11-14 00:00:00",838,155,1605,"Fool In The Rain",0.99,1,0.99,1,Rock,12,"Roberto Almeida",Brazil,3,"Jane Peacock"
"2022-11-15 00:00:00",839,156,1607,Carouselambra,0.99,1,0.99,1,Rock,14,"Mark Philips",Canada,5,"Steve Johnson"
"2022-11-15 00:00:00",840,156,1609,"I'm Gonna Crawl",0.99,1,0.99,1,Rock,14,"Mark Philips",Canada,5,"Steve Johnson"
"2022-11-15 00:00:00",841,156,1611,"Rock & Roll",0.99,1,0.99,1,Rock,14,"Mark Philips",Canada,5,"Steve Johnson"
"2022-11-15 00:00:00",842,156,1613,"Stairway To Heaven",0.99,1,0.99,1,Rock,14,"Mark Philips",Canada,5,"Steve Johnson"
"2022-11-16 00:00:00",843,157,1617,"When The Levee Breaks",0.99,1,0.99,1,Rock,18,"Michelle Brooks",USA,3,"Jane Peacock"
"2022-11-16 00:00:00",844,157,1621,"Dazed and Confused",0.99,1,0.99,1,Rock,18,"Michelle Brooks",USA,3,"Jane Peacock"
"2022-11-16 00:00:00",845,157,1625,"I Can't Quit You Baby",0.99,1,0.99,1,Rock,18,"Michelle Brooks",USA,3,"Jane Peacock"
"2022-11-16 00:00:00",846,157,1629,"The Lemon Song",0.99,1,0.99,1,Rock,18,"Michelle Brooks",USA,3,"Jane Peacock"
"2022-11-16 00:00:00",847,157,1633,"Ramble On",0.99,1,0.99,1,Rock,18,"Michelle Brooks",USA,3,"Jane Peacock"
"2022-11-16 00:00:00",848,157,1637,Friends,0.99,1,0.99,1,Rock,18,"Michelle Brooks",USA,3,"Jane Peacock"
"2022-11-19 00:00:00",849,158,1643,"That's The Way",0.99,1,0.99,1,Rock,24,"Frank Ralston",USA,3,"Jane Peacock"
"2022-11-19 00:00:00",850,158,1649,"Ten Years Gone",0.99,1,0.99,1,Rock,24,"Frank Ralston",USA,3,"Jane Peacock"
"2022-11-19 00:00:00",851,158,1655,"Achilles Last Stand",0.99,1,0.99,1,Rock,24,"Frank Ralston",USA,3,"Jane Peacock"
"2022-11-19 00:00:00",852,158,1661,"Tea For One",0.99,1,0.99,1,Rock,24,"Frank Ralston",USA,3,"Jane Peacock"
"2022-11-19 00:00:00",853,158,1667,"No Quarter",0.99,1,0.99,1,Rock,24,"Frank Ralston",USA,3,"Jane Peacock"
"2022-11-19 00:00:00",854,158,1673,"Música De Trabalho",0.99,1,0.99,7,Latin,24,"Frank Ralston",USA,3,"Jane Peacock"
"2022-11-19 00:00:00",855,158,1679,Dezesseis,0.99,1,0.99,7,Latin,24,"Frank Ralston",USA,3,"Jane Peacock"
"2022-11-19 00:00:00",856,158,1685,"O Livro Dos Dias",0.99,1,0.99,7,Latin,24,"Frank Ralston",USA,3,"Jane Peacock"
"2022-11-19 00:00:00",857,158,1691,Indios,0.99,1,0.99,7,Latin,24,"Frank Ralston",USA,3,"Jane Peacock"
"2022-11-24 00:00:00",858,159,1700,Dezesseis,0.99,1,0.99,7,Latin,33,"Ellie Sullivan",Canada,3,"Jane Peacock"
"2022-11-24 00:00:00",859,159,1709,"American Woman",0.99,1,0.99,1,Rock,33,"Ellie Sullivan",Canada,3,"Jane Peacock"
"2022-11-24 00:00:00",860,159,1718,Honolulu,0.99,1,0.99,7,Latin,33,"Ellie Sullivan",Canada,3,"Jane Peacock"
"2022-11-24 00:00:00",861,159,1727,Brumário,0.99,1,0.99,7,Latin,33,"Ellie Sullivan",Canada,3,"Jane Peacock"
"2022-11-24 00:00:00",862,159,1736,"Tudo Bem",0.99,1,0.99,7,Latin,33,"Ellie Sullivan",Canada,3,"Jane Peacock"
"2022-11-24 00:00:00",863,159,1745,"Pseudo Silk Kimono",0.99,1,0.99,1,Rock,33,"Ellie Sullivan",Canada,3,"Jane Peacock"
"2022-11-24 00:00:00",864,159,1754,"White Feather",0.99,1,0.99,1,Rock,33,"Ellie Sullivan",Canada,3,"Jane Peacock"
"2022-11-24 00:00:00",865,159,1763,"De Noite Na Cama",0.99,1,0.99,7,Latin,33,"Ellie Sullivan",Canada,3,"Jane Peacock"
"2022-11-24 00:00:00",866,159,1772,"O Xote Das Meninas",0.99,1,0.99,7,Latin,33,"Ellie Sullivan",Canada,3,"Jane Peacock"
"2022-11-24 00:00:00",867,159,1781,"Seek And You Shall Find",0.99,1,0.99,14,R&B/Soul,33,"Ellie Sullivan",Canada,3,"Jane Peacock"
"2022-11-24 00:00:00",868,159,1790,"Heavy Love Affair",0.99,1,0.99,14,R&B/Soul,33,"Ellie Sullivan",Canada,3,"Jane Peacock"
"2022-11-24 00:00:00",869,159,1799,"Shakes and Ladders",0.99,1,0.99,1,Rock,33,"Ellie Sullivan",Canada,3,"Jane Peacock"
"2022-11-24 00:00:00",870,159,1808,"Nothing Else Matters",0.99,1,0.99,3,Metal,33,"Ellie Sullivan",Canada,3,"Jane Peacock"
"2022-11-24 00:00:00",871,159,1817,"Last Caress/Green Hell",0.99,1,0.99,3,Metal,33,"Ellie Sullivan",Canada,3,"Jane Peacock"
"2022-12-02 00:00:00",872,160,1831,Motorbreath,0.99,1,0.99,3,Metal,47,"Lucas Mancini",Italy,5,"Steve Johnson"
"2022-12-15 00:00:00",873,161,1832,"Jump In The Fire",0.99,1,0.99,3,Metal,48,"Johannes Van der Berg",Netherlands,5,"Steve Johnson"
"2022-12-15 00:00:00",874,161,1833,"(Anesthesia) Pulling Teeth",0.99,1,0.99,3,Metal,48,"Johannes Van der Berg",Netherlands,5,"Steve Johnson"
"2022-12-15 00:00:00",875,162,1835,"Phantom Lord",0.99,1,0.99,3,Metal,50,"Enrique Muñoz",Spain,5,"Steve Johnson"
"2022-12-15 00:00:00",876,162,1837,"Seek & Destroy",0.99,1,0.99,3,Metal,50,"Enrique Muñoz",Spain,5,"Steve Johnson"
"2022-12-16 00:00:00",877,163,1839,"Ain't My Bitch",0.99,1,0.99,3,Metal,52,"Emma Jones","United Kingdom",3,"Jane Peacock"
"2022-12-16 00:00:00",878,163,1841,"The House Jack Built",0.99,1,0.99,3,Metal,52,"Emma Jones","United Kingdom",3,"Jane Peacock"
"2022-12-16 00:00:00",879,163,1843,"King Nothing",0.99,1,0.99,3,Metal,52,"Emma Jones","United Kingdom",3,"Jane Peacock"
"2022-12-16 00:00:00",880,163,1845,"Bleeding Me",0.99,1,0.99,3,Metal,52,"Emma Jones","United Kingdom",3,"Jane Peacock"
"2022-12-17 00:00:00",881,164,1849,"Mama Said",0.99,1,0.99,3,Metal,56,"Diego Gutiérrez",Argentina,4,"Margaret Park"
"2022-12-17 00:00:00",882,164,1853,Battery,0.99,1,0.99,3,Metal,56,"Diego Gutiérrez",Argentina,4,"Margaret Park"
"2022-12-17 00:00:00",883,164,1857,"Disposable Heroes",0.99,1,0.99,3,Metal,56,"Diego Gutiérrez",Argentina,4,"Margaret Park"
"2022-12-17 00:00:00",884,164,1861,Fuel,0.99,1,0.99,3,Metal,56,"Diego Gutiérrez",Argentina,4,"Margaret Park"
"2022-12-17 00:00:00",885,164,1865,"Better Than You",0.99,1,0.99,3,Metal,56,"Diego Gutiérrez",Argentina,4,"Margaret Park"
"2022-12-17 00:00:00",886,164,1869,"Where The Wild Things Are",0.99,1,0.99,3,Metal,56,"Diego Gutiérrez",Argentina,4,"Margaret Park"
"2022-12-20 00:00:00",887,165,1875,"Ride The Lightning",0.99,1,0.99,3,Metal,3,"François Tremblay",Canada,3,"Jane Peacock"
"2022-12-20 00:00:00",888,165,1881,"The Call Of Ktulu",0.99,1,0.99,3,Metal,3,"François Tremblay",Canada,3,"Jane Peacock"
"2022-12-20 00:00:00",889,165,1887,"My World",0.99,1,0.99,3,Metal,3,"François Tremblay",Canada,3,"Jane Peacock"
"2022-12-20 00:00:00",890,165,1893,Blackened,0.99,1,0.99,3,Metal,3,"François Tremblay",Canada,3,"Jane Peacock"
"2022-12-20 00:00:00",891,165,1899,"The Frayed Ends Of Sanity",0.99,1,0.99,3,Metal,3,"François Tremblay",Canada,3,"Jane Peacock"
"2022-12-20 00:00:00",892,165,1905,"My Ship",0.99,1,0.99,2,Jazz,3,"François Tremblay",Canada,3,"Jane Peacock"
"2022-12-20 00:00:00",893,165,1911,"I Don't Wanna Be Kissed (By Anyone But You)",0.99,1,0.99,2,Jazz,3,"François Tremblay",Canada,3,"Jane Peacock"
"2022-12-20 00:00:00",894,165,1917,"A Noite Do Meu Bem",0.99,1,0.99,7,Latin,3,"François Tremblay",Canada,3,"Jane Peacock"
"2022-12-20 00:00:00",895,165,1923,Brasil,0.99,1,0.99,7,Latin,3,"François Tremblay",Canada,3,"Jane Peacock"
"2022-12-25 00:00:00",896,166,1932,"Saudade Dos Aviões Da Panair (Conversando No Bar)",0.99,1,0.99,7,Latin,12,"Roberto Almeida",Brazil,3,"Jane Peacock"
"2022-12-25 00:00:00",897,166,1941,"Caso Você Queira Saber",0.99,1,0.99,7,Latin,12,"Roberto Almeida",Brazil,3,"Jane Peacock"
"2022-12-25 00:00:00",898,166,1950,Dance,0.99,1,0.99,3,Metal,12,"Roberto Almeida",Brazil,3,"Jane Peacock"
"2022-12-25 00:00:00",899,166,1959,"Aos Leões",0.99,1,0.99,16,World,12,"Roberto Almeida",Brazil,3,"Jane Peacock"
"2022-12-25 00:00:00",900,166,1968,Demorou!,0.99,1,0.99,16,World,12,"Roberto Almeida",Brazil,3,"Jane Peacock"
"2022-12-25 00:00:00",901,166,1977,"Home Sweet Home",0.99,1,0.99,3,Metal,12,"Roberto Almeida",Brazil,3,"Jane Peacock"
"2022-12-25 00:00:00",902,166,1986,Intro,0.99,1,0.99,1,Rock,12,"Roberto Almeida",Brazil,3,"Jane Peacock"
"2022-12-25 00:00:00",903,166,1995,"Scentless Apprentice",0.99,1,0.99,1,Rock,12,"Roberto Almeida",Brazil,3,"Jane Peacock"
"2022-12-25 00:00:00",904,166,2004,"In Bloom",0.99,1,0.99,1,Rock,12,"Roberto Almeida",Brazil,3,"Jane Peacock"
"2022-12-25 00:00:00",905,166,2013,"On A Plain",0.99,1,0.99,1,Rock,12,"Roberto Almeida",Brazil,3,"Jane Peacock"
"2022-12-25 00:00:00",906,166,2022,Mundaréu,0.99,1,0.99,1,Rock,12,"Roberto Almeida",Brazil,3,"Jane Peacock"
"2022-12-25 00:00:00",907,166,2031,"Nossa Gente (Avisa Là)",0.99,1,0.99,7,Latin,12,"Roberto Almeida",Brazil,3,"Jane Peacock"
"2022-12-25 00:00:00",908,166,2040,"Revolta Olodum",0.99,1,0.99,7,Latin,12,"Roberto Almeida",Brazil,3,"Jane Peacock"
"2022-12-25 00:00:00",909,166,2049,"Vai Valer",0.99,1,0.99,7,Latin,12,"Roberto Almeida",Brazil,3,"Jane Peacock"
"2023-01-02 00:00:00",910,167,2063,"Nebulosa Do Amor",0.99,1,0.99,7,Latin,26,"Richard Cunningham",USA,4,"Margaret Park"
"2023-01-15 00:00:00",911,168,2064,Caleidoscópio,0.99,1,0.99,7,Latin,27,"Patrick Gray",USA,4,"Margaret Park"
"2023-01-15 00:00:00",912,168,2065,"Trac Trac",0.99,1,0.99,7,Latin,27,"Patrick Gray",USA,4,"Margaret Park"
"2023-01-15 00:00:00",913,169,2067,"Mensagen De Amor (2000)",0.99,1,0.99,7,Latin,29,"Robert Brown",Canada,3,"Jane Peacock"
"2023-01-15 00:00:00",914,169,2069,"La Bella Luna",0.99,1,0.99,7,Latin,29,"Robert Brown",Canada,3,"Jane Peacock"
"2023-01-16 00:00:00",915,170,2071,"Uma Brasileira",0.99,1,0.99,7,Latin,31,"Martha Silk",Canada,5,"Steve Johnson"
"2023-01-16 00:00:00",916,170,2073,"Saber Amar",0.99,1,0.99,7,Latin,31,"Martha Silk",Canada,5,"Steve Johnson"
"2023-01-16 00:00:00",917,170,2075,"O Amor Nao Sabe Esperar",0.99,1,0.99,7,Latin,31,"Martha Silk",Canada,5,"Steve Johnson"
"2023-01-16 00:00:00",918,170,2077,Caleidoscópio,0.99,1,0.99,7,Latin,31,"Martha Silk",Canada,5,"Steve Johnson"
"2023-01-17 00:00:00",919,171,2081,"Lanterna Dos Afogados",0.99,1,0.99,7,Latin,35,"Madalena Sampaio",Portugal,4,"Margaret Park"
"2023-01-17 00:00:00",920,171,2085,"Meu Erro",0.99,1,0.99,7,Latin,35,"Madalena Sampaio",Portugal,4,"Margaret Park"
"2023-01-17 00:00:00",921,171,2089,Selvagem,0.99,1,0.99,7,Latin,35,"Madalena Sampaio",Portugal,4,"Margaret Park"
"2023-01-17 00:00:00",922,171,2093,"Bark at the Moon",0.99,1,0.99,1,Rock,35,"Madalena Sampaio",Portugal,4,"Margaret Park"
"2023-01-17 00:00:00",923,171,2097,"Mama, I'm Coming Home",0.99,1,0.99,1,Rock,35,"Madalena Sampaio",Portugal,4,"Margaret Park"
"2023-01-17 00:00:00",924,171,2101,Believer,0.99,1,0.99,3,Metal,35,"Madalena Sampaio",Portugal,4,"Margaret Park"
"2023-01-20 00:00:00",925,172,2107,"Iron Man",0.99,1,0.99,3,Metal,41,"Marc Dubois",France,5,"Steve Johnson"
"2023-01-20 00:00:00",926,172,2113,"Shining In The Light",0.99,1,0.99,1,Rock,41,"Marc Dubois",France,5,"Steve Johnson"
"2023-01-20 00:00:00",927,172,2119,"Heart In Your Hand",0.99,1,0.99,1,Rock,41,"Marc Dubois",France,5,"Steve Johnson"
"2023-01-20 00:00:00",928,172,2125,"United Colours",0.99,1,0.99,10,Soundtrack,41,"Marc Dubois",France,5,"Steve Johnson"
"2023-01-20 00:00:00",929,172,2131,"Miss Sarajevo",0.99,1,0.99,10,Soundtrack,41,"Marc Dubois",France,5,"Steve Johnson"
"2023-01-20 00:00:00",930,172,2137,"Theme From The Swan",0.99,1,0.99,10,Soundtrack,41,"Marc Dubois",France,5,"Steve Johnson"
"2023-01-20 00:00:00",931,172,2143,"Women In Uniform",0.99,1,0.99,1,Rock,41,"Marc Dubois",France,5,"Steve Johnson"
"2023-01-20 00:00:00",932,172,2149,Corduroy,0.99,1,0.99,1,Rock,41,"Marc Dubois",France,5,"Steve Johnson"
"2023-01-20 00:00:00",933,172,2155,MFC,0.99,1,0.99,1,Rock,41,"Marc Dubois",France,5,"Steve Johnson"
"2023-01-25 00:00:00",934,173,2164,"F*Ckin' Up",0.99,1,0.99,1,Rock,50,"Enrique Muñoz",Spain,5,"Steve Johnson"
"2023-01-25 00:00:00",935,173,2173,Gone,0.99,1,0.99,4,"Alternative & Punk",50,"Enrique Muñoz",Spain,5,"Steve Johnson"
"2023-01-25 00:00:00",936,173,2182,Ghost,0.99,1,0.99,1,Rock,50,"Enrique Muñoz",Spain,5,"Steve Johnson"
"2023-01-25 00:00:00",937,173,2191,Arc,0.99,1,0.99,1,Rock,50,"Enrique Muñoz",Spain,5,"Steve Johnson"
"2023-01-25 00:00:00",938,173,2200,Porch,0.99,1,0.99,1,Rock,50,"Enrique Muñoz",Spain,5,"Steve Johnson"
"2023-01-25 00:00:00",939,173,2209,W.M.A.,0.99,1,0.99,1,Rock,50,"Enrique Muñoz",Spain,5,"Steve Johnson"
"2023-01-25 00:00:00",940,173,2218,"Jah Seh No",0.99,1,0.99,8,Reggae,50,"Enrique Muñoz",Spain,5,"Steve Johnson"
"2023-01-25 00:00:00",941,173,2227,"Crystal Ball",0.99,1,0.99,8,Reggae,50,"Enrique Muñoz",Spain,5,"Steve Johnson"
"2023-01-25 00:00:00",942,173,2236,"Brain Damage",0.99,1,0.99,1,Rock,50,"Enrique Muñoz",Spain,5,"Steve Johnson"
"2023-01-25 00:00:00",943,173,2245,"O Bicho Tá Pregando",0.99,1,0.99,17,"Hip Hop/Rap",50,"Enrique Muñoz",Spain,5,"Steve Johnson"
"2023-01-25 00:00:00",944,173,2254,"Bohemian Rhapsody",0.99,1,0.99,1,Rock,50,"Enrique Muñoz",Spain,5,"Steve Johnson"
"2023-01-25 00:00:00",945,173,2263,"Somebody To Love",0.99,1,0.99,1,Rock,50,"Enrique Muñoz",Spain,5,"Steve Johnson"
"2023-01-25 00:00:00",946,173,2272,"We Are The Champions",0.99,1,0.99,1,Rock,50,"Enrique Muñoz",Spain,5,"Steve Johnson"
"2023-01-25 00:00:00",947,173,2281,"My Melancholy Blues",0.99,1,0.99,1,Rock,50,"Enrique Muñoz",Spain,5,"Steve Johnson"
"2023-02-02 00:00:00",948,174,2295,Untitled,0.99,1,0.99,4,"Alternative & Punk",5,"František Wichterlová","Czech Republic",4,"Margaret Park"
"2023-02-15 00:00:00",949,175,2296,"How The West Was Won And Where It Got Us",0.99,1,0.99,1,Rock,6,"Helena Holý","Czech Republic",5,"Steve Johnson"
"2023-02-15 00:00:00",950,175,2297,"The Wake-Up Bomb",0.99,1,0.99,1,Rock,6,"Helena Holý","Czech Republic",5,"Steve Johnson"
"2023-02-15 00:00:00",951,176,2299,Undertow,0.99,1,0.99,1,Rock,8,"Daan Peeters",Belgium,4,"Margaret Park"
"2023-02-15 00:00:00",952,176,2301,Leave,0.99,1,0.99,1,Rock,8,"Daan Peeters",Belgium,4,"Margaret Park"
"2023-02-16 00:00:00",953,177,2303,"Bittersweet Me",0.99,1,0.99,1,Rock,10,"Eduardo Martins",Brazil,4,"Margaret Park"
"2023-02-16 00:00:00",954,177,2305,"Binky The Doormat",0.99,1,0.99,1,Rock,10,"Eduardo Martins",Brazil,4,"Margaret Park"
"2023-02-16 00:00:00",955,177,2307,"So Fast, So Numb",0.99,1,0.99,1,Rock,10,"Eduardo Martins",Brazil,4,"Margaret Park"
"2023-02-16 00:00:00",956,177,2309,Electrolite,0.99,1,0.99,1,Rock,10,"Eduardo Martins",Brazil,4,"Margaret Park"
"2023-02-17 00:00:00",957,178,2313,Endgame,0.99,1,0.99,4,"Alternative & Punk",14,"Mark Philips",Canada,5,"Steve Johnson"
"2023-02-17 00:00:00",958,178,2317,"Country Feedback",0.99,1,0.99,4,"Alternative & Punk",14,"Mark Philips",Canada,5,"Steve Johnson"
"2023-02-17 00:00:00",959,178,2321,"Talk About The Passion",0.99,1,0.99,4,"Alternative & Punk",14,"Mark Philips",Canada,5,"Steve Johnson"
"2023-02-17 00:00:00",960,178,2325,"Green Grow The Rushes",0.99,1,0.99,4,"Alternative & Punk",14,"Mark Philips",Canada,5,"Steve Johnson"
"2023-02-17 00:00:00",961,178,2329,"I Believe",0.99,1,0.99,4,"Alternative & Punk",14,"Mark Philips",Canada,5,"Steve Johnson"
"2023-02-17 00:00:00",962,178,2333,"It's The End Of The World As We Know It (And I Feel Fine)",0.99,1,0.99,4,"Alternative & Punk",14,"Mark Philips",Canada,5,"Steve Johnson"
"2023-02-20 00:00:00",963,179,2339,"Puteiro Em João Pessoa",0.99,1,0.99,4,"Alternative & Punk",20,"Dan Miller",USA,4,"Margaret Park"
"2023-02-20 00:00:00",964,179,2345,"O Dia Em Que A Terra Parou",0.99,1,0.99,1,Rock,20,"Dan Miller",USA,4,"Margaret Park"
"2023-02-20 00:00:00",965,179,2351,"Todo Mundo Explica",0.99,1,0.99,1,Rock,20,"Dan Miller",USA,4,"Margaret Park"
"2023-02-20 00:00:00",966,179,2357,"Rock Das Aranhas (Ao Vivo) (Live)",0.99,1,0.99,1,Rock,20,"Dan Miller",USA,4,"Margaret Park"
"2023-02-20 00:00:00",967,179,2363,"I Could Have Lied",0.99,1,0.99,4,"Alternative & Punk",20,"Dan Miller",USA,4,"Margaret Park"
"2023-02-20 00:00:00",968,179,2369,"Naked In The Rain",0.99,1,0.99,4,"Alternative & Punk",20,"Dan Miller",USA,4,"Margaret Park"
"2023-02-20 00:00:00",969,179,2375,"By The Way",0.99,1,0.99,1,Rock,20,"Dan Miller",USA,4,"Margaret Park"
"2023-02-20 00:00:00",970,179,2381,"Can't Stop",0.99,1,0.99,1,Rock,20,"Dan Miller",USA,4,"Margaret Park"
"2023-02-20 00:00:00",971,179,2387,"On Mercury",0.99,1,0.99,1,Rock,20,"Dan Miller",USA,4,"Margaret Park"
"2023-02-25 00:00:00",972,180,2396,Californication,0.99,1,0.99,1,Rock,29,"Robert Brown",Canada,3,"Jane Peacock"
"2023-02-25 00:00:00",973,180,2405,"Road Trippin'",0.99,1,0.99,1,Rock,29,"Robert Brown",Canada,3,"Jane Peacock"
"2023-02-25 00:00:00",974,180,2414,"Closer To The Heart",0.99,1,0.99,1,Rock,29,"Robert Brown",Canada,3,"Jane Peacock"
"2023-02-25 00:00:00",975,180,2423,Persuasion,0.99,1,0.99,1,Rock,29,"Robert Brown",Canada,3,"Jane Peacock"
"2023-02-25 00:00:00",976,180,2432,"Funky Piano",0.99,1,0.99,1,Rock,29,"Robert Brown",Canada,3,"Jane Peacock"
"2023-02-25 00:00:00",977,180,2441,Stars,0.99,1,0.99,1,Rock,29,"Robert Brown",Canada,3,"Jane Peacock"
"2023-02-25 00:00:00",978,180,2450,"Três Lados",0.99,1,0.99,1,Rock,29,"Robert Brown",Canada,3,"Jane Peacock"
"2023-02-25 00:00:00",979,180,2459,Ali,0.99,1,0.99,1,Rock,29,"Robert Brown",Canada,3,"Jane Peacock"
"2023-02-25 00:00:00",980,180,2468,"Um Dia Qualquer",0.99,1,0.99,1,Rock,29,"Robert Brown",Canada,3,"Jane Peacock"
"2023-02-25 00:00:00",981,180,2477,"My Mistake",0.99,1,0.99,4,"Alternative & Punk",29,"Robert Brown",Canada,3,"Jane Peacock"
"2023-02-25 00:00:00",982,180,2486,"Soot & Stars",0.99,1,0.99,4,"Alternative & Punk",29,"Robert Brown",Canada,3,"Jane Peacock"
"2023-02-25 00:00:00",983,180,2495,"Bullet With Butterfly Wings",0.99,1,0.99,4,"Alternative & Punk",29,"Robert Brown",Canada,3,"Jane Peacock"
"2023-02-25 00:00:00",984,180,2504,"Real Love",0.99,1,0.99,4,"Alternative & Punk",29,"Robert Brown",Canada,3,"Jane Peacock"
"2023-02-25 00:00:00",985,180,2513,"Rusty Cage",0.99,1,0.99,1,Rock,29,"Robert Brown",Canada,3,"Jane Peacock"
"2023-03-05 00:00:00",986,181,2527,Starburst,0.99,1,0.99,2,Jazz,43,"Isabelle Mercier",France,3,"Jane Peacock"
"2023-03-18 00:00:00",987,182,2528,Heliopolis,0.99,1,0.99,2,Jazz,44,"Terhi Hämäläinen",Finland,3,"Jane Peacock"
"2023-03-18 00:00:00",988,182,2529,"It Doesn't Matter",0.99,1,0.99,2,Jazz,44,"Terhi Hämäläinen",Finland,3,"Jane Peacock"
"2023-03-18 00:00:00",989,183,2531,"End Of Romanticism",0.99,1,0.99,2,Jazz,46,"Hugh O'Reilly",Ireland,3,"Jane Peacock"
"2023-03-18 00:00:00",990,183,2533,Crossfire,0.99,1,0.99,6,Blues,46,"Hugh O'Reilly",Ireland,3,"Jane Peacock"
"2023-03-19 00:00:00",991,184,2535,"Let Me Love You Baby",0.99,1,0.99,6,Blues,48,"Johannes Van der Berg",Netherlands,5,"Steve Johnson"
"2023-03-19 00:00:00",992,184,2537,"Travis Walk",0.99,1,0.99,6,Blues,48,"Johannes Van der Berg",Netherlands,5,"Steve Johnson"
"2023-03-19 00:00:00",993,184,2539,Scratch-N-Sniff,0.99,1,0.99,6,Blues,48,"Johannes Van der Berg",Netherlands,5,"Steve Johnson"
"2023-03-19 00:00:00",994,184,2541,"Riviera Paradise",0.99,1,0.99,6,Blues,48,"Johannes Van der Berg",Netherlands,5,"Steve Johnson"
"2023-03-20 00:00:00",995,185,2545,"No Memory",0.99,1,0.99,1,Rock,52,"Emma Jones","United Kingdom",3,"Jane Peacock"
"2023-03-20 00:00:00",996,185,2549,"Piece Of Pie",0.99,1,0.99,1,Rock,52,"Emma Jones","United Kingdom",3,"Jane Peacock"
"2023-03-20 00:00:00",997,185,2553,"Where The River Goes",0.99,1,0.99,1,Rock,52,"Emma Jones","United Kingdom",3,"Jane Peacock"
"2023-03-20 00:00:00",998,185,2557,Cigaro,0.99,1,0.99,3,Metal,52,"Emma Jones","United Kingdom",3,"Jane Peacock"
"2023-03-20 00:00:00",999,185,2561,Question!,0.99,1,0.99,3,Metal,52,"Emma Jones","United Kingdom",3,"Jane Peacock"
"2023-03-20 00:00:00",1000,185,2565,"The Sun Road",0.99,1,0.99,1,Rock,52,"Emma Jones","United Kingdom",3,"Jane Peacock"
"2023-03-23 00:00:00",1001,186,2571,Chaos-Control,0.99,1,0.99,1,Rock,58,"Manoj Pareek",India,3,"Jane Peacock"
"2023-03-23 00:00:00",1002,186,2577,"Cursed Diamonds",0.99,1,0.99,6,Blues,58,"Manoj Pareek",India,3,"Jane Peacock"
"2023-03-23 00:00:00",1003,186,2583,"High Head Blues",0.99,1,0.99,6,Blues,58,"Manoj Pareek",India,3,"Jane Peacock"
"2023-03-23 00:00:00",1004,186,2589,"Hard To Handle",0.99,1,0.99,6,Blues,58,"Manoj Pareek",India,3,"Jane Peacock"
"2023-03-23 00:00:00",1005,186,2595,"(White Man) In Hammersmith Palais",0.99,1,0.99,4,"Alternative & Punk",58,"Manoj Pareek",India,3,"Jane Peacock"
"2023-03-23 00:00:00",1006,186,2601,Bankrobber,0.99,1,0.99,4,"Alternative & Punk",58,"Manoj Pareek",India,3,"Jane Peacock"
"2023-03-23 00:00:00",1007,186,2607,"Rock The Casbah",0.99,1,0.99,4,"Alternative & Punk",58,"Manoj Pareek",India,3,"Jane Peacock"
"2023-03-23 00:00:00",1008,186,2613,Breathe,0.99,1,0.99,1,Rock,58,"Manoj Pareek",India,3,"Jane Peacock"
"2023-03-23 00:00:00",1009,186,2619,"True Believers",0.99,1,0.99,1,Rock,58,"Manoj Pareek",India,3,"Jane Peacock"
"2023-03-28 00:00:00",1010,187,2628,"Love Removal Machine",0.99,1,0.99,1,Rock,8,"Daan Peeters",Belgium,4,"Margaret Park"
"2023-03-28 00:00:00",1011,187,2637,"Sweet Soul Sister",0.99,1,0.99,1,Rock,8,"Daan Peeters",Belgium,4,"Margaret Park"
"2023-03-28 00:00:00",1012,187,2646,"I Looked At You",0.99,1,0.99,1,Rock,8,"Daan Peeters",Belgium,4,"Margaret Park"
"2023-03-28 00:00:00",1013,187,2655,"De Do Do Do, De Da Da Da",0.99,1,0.99,1,Rock,8,"Daan Peeters",Belgium,4,"Margaret Park"
"2023-03-28 00:00:00",1014,187,2664,"Time Is On My Side",0.99,1,0.99,1,Rock,8,"Daan Peeters",Belgium,4,"Margaret Park"
"2023-03-28 00:00:00",1015,187,2673,"Under My Thumb",0.99,1,0.99,1,Rock,8,"Daan Peeters",Belgium,4,"Margaret Park"
"2023-03-28 00:00:00",1016,187,2682,"Saint Of Me",0.99,1,0.99,1,Rock,8,"Daan Peeters",Belgium,4,"Margaret Park"
"2023-03-28 00:00:00",1017,187,2691,"You Got Me Rocking",0.99,1,0.99,1,Rock,8,"Daan Peeters",Belgium,4,"Margaret Park"
"2023-03-28 00:00:00",1018,187,2700,"Suck On The Jugular",0.99,1,0.99,1,Rock,8,"Daan Peeters",Belgium,4,"Margaret Park"
"2023-03-28 00:00:00",1019,187,2709,"Sister Awake",0.99,1,0.99,4,"Alternative & Punk",8,"Daan Peeters",Belgium,4,"Margaret Park"
"2023-03-28 00:00:00",1020,187,2718,"Life Line",0.99,1,0.99,4,"Alternative & Punk",8,"Daan Peeters",Belgium,4,"Margaret Park"
"2023-03-28 00:00:00",1021,187,2727,Babylon,0.99,1,0.99,4,"Alternative & Punk",8,"Daan Peeters",Belgium,4,"Margaret Park"
"2023-03-28 00:00:00",1022,187,2736,"Boris The Spider",0.99,1,0.99,1,Rock,8,"Daan Peeters",Belgium,4,"Margaret Park"
"2023-03-28 00:00:00",1023,187,2745,"Let's See Action",0.99,1,0.99,1,Rock,8,"Daan Peeters",Belgium,4,"Margaret Park"
"2023-04-05 00:00:00",1024,188,2759,"Música No Ar",0.99,1,0.99,7,Latin,22,"Heather Leacock",USA,4,"Margaret Park"
"2023-04-18 00:00:00",1025,189,2760,"Salve Nossa Senhora",0.99,1,0.99,7,Latin,23,"John Gordon",USA,4,"Margaret Park"
"2023-04-18 00:00:00",1026,189,2761,"Você Fugiu",0.99,1,0.99,7,Latin,23,"John Gordon",USA,4,"Margaret Park"
"2023-04-18 00:00:00",1027,190,2763,Compadre,0.99,1,0.99,7,Latin,25,"Victor Stevens",USA,5,"Steve Johnson"
"2023-04-18 00:00:00",1028,190,2765,"Réu Confesso",0.99,1,0.99,7,Latin,25,"Victor Stevens",USA,5,"Steve Johnson"
"2023-04-19 00:00:00",1029,191,2767,"Gostava Tanto De Você",0.99,1,0.99,7,Latin,27,"Patrick Gray",USA,4,"Margaret Park"
"2023-04-19 00:00:00",1030,191,2769,"Não Quero Dinheiro",0.99,1,0.99,7,Latin,27,"Patrick Gray",USA,4,"Margaret Park"
"2023-04-19 00:00:00",1031,191,2771,"A Festa Do Santo Reis",0.99,1,0.99,7,Latin,27,"Patrick Gray",USA,4,"Margaret Park"
"2023-04-19 00:00:00",1032,191,2773,"Padre Cícero",0.99,1,0.99,7,Latin,27,"Patrick Gray",USA,4,"Margaret Park"
"2023-04-20 00:00:00",1033,192,2777,Balanço,0.99,1,0.99,7,Latin,31,"Martha Silk",Canada,5,"Steve Johnson"
"2023-04-20 00:00:00",1034,192,2781,Comida,0.99,1,0.99,4,"Alternative & Punk",31,"Martha Silk",Canada,5,"Steve Johnson"
"2023-04-20 00:00:00",1035,192,2785,"Os Cegos Do Castelo",0.99,1,0.99,4,"Alternative & Punk",31,"Martha Silk",Canada,5,"Steve Johnson"
"2023-04-20 00:00:00",1036,192,2789,Flores,0.99,1,0.99,4,"Alternative & Punk",31,"Martha Silk",Canada,5,"Steve Johnson"
"2023-04-20 00:00:00",1037,192,2793,"Cabeça Dinossauro",0.99,1,0.99,4,"Alternative & Punk",31,"Martha Silk",Canada,5,"Steve Johnson"
"2023-04-20 00:00:00",1038,192,2797,"Homem Primata (Vinheta)",0.99,1,0.99,4,"Alternative & Punk",31,"Martha Silk",Canada,5,"Steve Johnson"
"2023-04-23 00:00:00",1039,193,2803,"Sonifera Ilha",0.99,1,0.99,4,"Alternative & Punk",37,"Fynn Zimmermann",Germany,3,"Jane Peacock"
"2023-04-23 00:00:00",1040,193,2809,"Amanhã Não Se Sabe",0.99,1,0.99,4,"Alternative & Punk",37,"Fynn Zimmermann",Germany,3,"Jane Peacock"
"2023-04-23 00:00:00",1041,193,2815,"Eu E Ela",0.99,1,0.99,4,"Alternative & Punk",37,"Fynn Zimmermann",Germany,3,"Jane Peacock"
"2023-04-23 00:00:00",1042,193,2821,"Exodus, Pt. 1",1.99,1,1.99,19,"TV Shows",37,"Fynn Zimmermann",Germany,3,"Jane Peacock"
"2023-04-23 00:00:00",1043,193,2827,"Unfinished Business",1.99,1,1.99,18,"Science Fiction",37,"Fynn Zimmermann",Germany,3,"Jane Peacock"
"2023-04-23 00:00:00",1044,193,2833,"A Day In the Life",1.99,1,1.99,18,"Science Fiction",37,"Fynn Zimmermann",Germany,3,"Jane Peacock"
"2023-04-23 00:00:00",1045,193,2839,Genesis,1.99,1,1.99,19,"TV Shows",37,"Fynn Zimmermann",Germany,3,"Jane Peacock"
"2023-04-23 00:00:00",1046,193,2845,"Nothing to Hide",1.99,1,1.99,19,"TV Shows",37,"Fynn Zimmermann",Germany,3,"Jane Peacock"
"2023-04-23 00:00:00",1047,193,2851,Distractions,1.99,1,1.99,21,Drama,37,"Fynn Zimmermann",Germany,3,"Jane Peacock"
"2023-04-28 00:00:00",1048,194,2860,Adrift,1.99,1,1.99,19,"TV Shows",46,"Hugh O'Reilly",Ireland,3,"Jane Peacock"
"2023-04-28 00:00:00",1049,194,2869,"...And Found",1.99,1,1.99,19,"TV Shows",46,"Hugh O'Reilly",Ireland,3,"Jane Peacock"
"2023-04-28 00:00:00",1050,194,2878,"The Other 48 Days",1.99,1,1.99,19,"TV Shows",46,"Hugh O'Reilly",Ireland,3,"Jane Peacock"
"2023-04-28 00:00:00",1051,194,2887,"The 23rd Psalm",1.99,1,1.99,19,"TV Shows",46,"Hugh O'Reilly",Ireland,3,"Jane Peacock"
"2023-04-28 00:00:00",1052,194,2896,"The Long Con",1.99,1,1.99,19,"TV Shows",46,"Hugh O'Reilly",Ireland,3,"Jane Peacock"
"2023-04-28 00:00:00",1053,194,2905,"The Whole Truth",1.99,1,1.99,21,Drama,46,"Hugh O'Reilly",Ireland,3,"Jane Peacock"
"2023-04-28 00:00:00",1054,194,2914,S.O.S.,1.99,1,1.99,19,"TV Shows",46,"Hugh O'Reilly",Ireland,3,"Jane Peacock"
"2023-04-28 00:00:00",1055,194,2923,"Exodus (Part 2) [Season Finale]",1.99,1,1.99,19,"TV Shows",46,"Hugh O'Reilly",Ireland,3,"Jane Peacock"
"2023-04-28 00:00:00",1056,194,2932,"The Fly",0.99,1,0.99,1,Rock,46,"Hugh O'Reilly",Ireland,3,"Jane Peacock"
"2023-04-28 00:00:00",1057,194,2941,"Walk On",0.99,1,0.99,1,Rock,46,"Hugh O'Reilly",Ireland,3,"Jane Peacock"
"2023-04-28 00:00:00",1058,194,2950,"Spanish Eyes",0.99,1,0.99,1,Rock,46,"Hugh O'Reilly",Ireland,3,"Jane Peacock"
"2023-04-28 00:00:00",1059,194,2959,"Hallelujah Here She Comes",0.99,1,0.99,1,Rock,46,"Hugh O'Reilly",Ireland,3,"Jane Peacock"
"2023-04-28 00:00:00",1060,194,2968,"City Of Blinding Lights",0.99,1,0.99,1,Rock,46,"Hugh O'Reilly",Ireland,3,"Jane Peacock"
"2023-04-28 00:00:00",1061,194,2977,Mofo,0.99,1,0.99,1,Rock,46,"Hugh O'Reilly",Ireland,3,"Jane Peacock"
"2023-05-06 00:00:00",1062,195,2991,"All Along The Watchtower",0.99,1,0.99,1,Rock,1,"Luís Gonçalves",Brazil,3,"Jane Peacock"
"2023-05-19 00:00:00",1063,196,2992,"I Still Haven't Found What I'm Looking for",0.99,1,0.99,1,Rock,2,"Leonie Köhler",Germany,5,"Steve Johnson"
"2023-05-19 00:00:00",1064,196,2993,"Freedom For My People",0.99,1,0.99,1,Rock,2,"Leonie Köhler",Germany,5,"Steve Johnson"
"2023-05-19 00:00:00",1065,197,2995,"Pride (In The Name Of Love)",0.99,1,0.99,1,Rock,4,"Bjørn Hansen",Norway,4,"Margaret Park"
"2023-05-19 00:00:00",1066,197,2997,"Love Rescue Me",0.99,1,0.99,1,Rock,4,"Bjørn Hansen",Norway,4,"Margaret Park"
"2023-05-20 00:00:00",1067,198,2999,Heartland,0.99,1,0.99,1,Rock,6,"Helena Holý","Czech Republic",5,"Steve Johnson"
"2023-05-20 00:00:00",1068,198,3001,"The Star Spangled Banner",0.99,1,0.99,1,Rock,6,"Helena Holý","Czech Republic",5,"Steve Johnson"
"2023-05-20 00:00:00",1069,198,3003,"All I Want Is You",0.99,1,0.99,1,Rock,6,"Helena Holý","Czech Republic",5,"Steve Johnson"
"2023-05-20 00:00:00",1070,198,3005,"New Year's Day",0.99,1,0.99,1,Rock,6,"Helena Holý","Czech Republic",5,"Steve Johnson"
"2023-05-21 00:00:00",1071,199,3009,Bad,0.99,1,0.99,1,Rock,10,"Eduardo Martins",Brazil,4,"Margaret Park"
"2023-05-21 00:00:00",1072,199,3013,"Sweetest Thing",0.99,1,0.99,1,Rock,10,"Eduardo Martins",Brazil,4,"Margaret Park"
"2023-05-21 00:00:00",1073,199,3017,"All I Want Is You",0.99,1,0.99,1,Rock,10,"Eduardo Martins",Brazil,4,"Margaret Park"
"2023-05-21 00:00:00",1074,199,3021,"Like A Song...",0.99,1,0.99,1,Rock,10,"Eduardo Martins",Brazil,4,"Margaret Park"
"2023-05-21 00:00:00",1075,199,3025,"Red Light",0.99,1,0.99,1,Rock,10,"Eduardo Martins",Brazil,4,"Margaret Park"
"2023-05-21 00:00:00",1076,199,3029,Babyface,0.99,1,0.99,1,Rock,10,"Eduardo Martins",Brazil,4,"Margaret Park"
"2023-05-24 00:00:00",1077,200,3035,"The First Time",0.99,1,0.99,1,Rock,16,"Frank Harris",USA,4,"Margaret Park"
"2023-05-24 00:00:00",1078,200,3041,"Homely Girl",0.99,1,0.99,8,Reggae,16,"Frank Harris",USA,4,"Margaret Park"
"2023-05-24 00:00:00",1079,200,3047,"Bring Me Your Cup",0.99,1,0.99,8,Reggae,16,"Frank Harris",USA,4,"Margaret Park"
"2023-05-24 00:00:00",1080,200,3053,"Hang 'Em High",0.99,1,0.99,1,Rock,16,"Frank Harris",USA,4,"Margaret Park"
"2023-05-24 00:00:00",1081,200,3059,"Little Guitars (Intro)",0.99,1,0.99,1,Rock,16,"Frank Harris",USA,4,"Margaret Park"
"2023-05-24 00:00:00",1082,200,3065,"Ain't Talkin' 'bout Love",0.99,1,0.99,1,Rock,16,"Frank Harris",USA,4,"Margaret Park"
"2023-05-24 00:00:00",1083,200,3071,Panama,0.99,1,0.99,1,Rock,16,"Frank Harris",USA,4,"Margaret Park"
"2023-05-24 00:00:00",1084,200,3077,"Can't Stop Loving You",0.99,1,0.99,1,Rock,16,"Frank Harris",USA,4,"Margaret Park"
"2023-05-24 00:00:00",1085,200,3083,"You Really Got Me",0.99,1,0.99,1,Rock,16,"Frank Harris",USA,4,"Margaret Park"
"2023-05-29 00:00:00",1086,201,3092,Neworld,0.99,1,0.99,1,Rock,25,"Victor Stevens",USA,5,"Steve Johnson"
"2023-05-29 00:00:00",1087,201,3101,Primary,0.99,1,0.99,1,Rock,25,"Victor Stevens",USA,5,"Steve Johnson"
"2023-05-29 00:00:00",1088,201,3110,Headspace,0.99,1,0.99,1,Rock,25,"Victor Stevens",USA,5,"Steve Johnson"
"2023-05-29 00:00:00",1089,201,3119,"Tudo Na Mais Santa Paz",0.99,1,0.99,7,Latin,25,"Victor Stevens",USA,5,"Steve Johnson"
"2023-05-29 00:00:00",1090,201,3128,"Samba Do Jato",0.99,1,0.99,7,Latin,25,"Victor Stevens",USA,5,"Steve Johnson"
"2023-05-29 00:00:00",1091,201,3137,"Now You're Gone",0.99,1,0.99,3,Metal,25,"Victor Stevens",USA,5,"Steve Johnson"
"2023-05-29 00:00:00",1092,201,3146,"Faixa Amarela",0.99,1,0.99,7,Latin,25,"Victor Stevens",USA,5,"Steve Johnson"
"2023-05-29 00:00:00",1093,201,3155,"Sem Essa de Malandro Agulha",0.99,1,0.99,7,Latin,25,"Victor Stevens",USA,5,"Steve Johnson"
"2023-05-29 00:00:00",1094,201,3164,Verdade,0.99,1,0.99,7,Latin,25,"Victor Stevens",USA,5,"Steve Johnson"
"2023-05-29 00:00:00",1095,201,3173,"Diversity Day",1.99,1,1.99,19,"TV Shows",25,"Victor Stevens",USA,5,"Steve Johnson"
"2023-05-29 00:00:00",1096,201,3182,Halloween,1.99,1,1.99,19,"TV Shows",25,"Victor Stevens",USA,5,"Steve Johnson"
"2023-05-29 00:00:00",1097,201,3191,"The Carpet",1.99,1,1.99,19,"TV Shows",25,"Victor Stevens",USA,5,"Steve Johnson"
"2023-05-29 00:00:00",1098,201,3200,"Gay Witch Hunt",1.99,1,1.99,19,"TV Shows",25,"Victor Stevens",USA,5,"Steve Johnson"
"2023-05-29 00:00:00",1099,201,3209,"A Benihana Christmas, Pts. 1 & 2",1.99,1,1.99,22,Comedy,25,"Victor Stevens",USA,5,"Steve Johnson"
"2023-06-06 00:00:00",1100,202,3223,"How to Stop an Exploding Man",1.99,1,1.99,21,Drama,39,"Camille Bernard",France,4,"Margaret Park"
"2023-06-19 00:00:00",1101,203,3224,"Through a Looking Glass",1.99,1,1.99,21,Drama,40,"Dominique Lefebvre",France,4,"Margaret Park"
"2023-06-19 00:00:00",1102,203,3225,"Your Time Is Gonna Come",0.99,1,0.99,1,Rock,40,"Dominique Lefebvre",France,4,"Margaret Park"
"2023-06-19 00:00:00",1103,204,3227,"Battlestar Galactica, Pt. 2",1.99,1,1.99,20,"Sci Fi & Fantasy",42,"Wyatt Girard",France,3,"Jane Peacock"
"2023-06-19 00:00:00",1104,204,3229,"Lost Planet of the Gods, Pt. 1",1.99,1,1.99,20,"Sci Fi & Fantasy",42,"Wyatt Girard",France,3,"Jane Peacock"
"2023-06-20 00:00:00",1105,205,3231,"The Lost Warrior",1.99,1,1.99,20,"Sci Fi & Fantasy",44,"Terhi Hämäläinen",Finland,3,"Jane Peacock"
"2023-06-20 00:00:00",1106,205,3233,"The Gun On Ice Planet Zero, Pt. 1",1.99,1,1.99,20,"Sci Fi & Fantasy",44,"Terhi Hämäläinen",Finland,3,"Jane Peacock"
"2023-06-20 00:00:00",1107,205,3235,"The Magnificent Warriors",1.99,1,1.99,20,"Sci Fi & Fantasy",44,"Terhi Hämäläinen",Finland,3,"Jane Peacock"
"2023-06-20 00:00:00",1108,205,3237,"The Living Legend, Pt. 1",1.99,1,1.99,20,"Sci Fi & Fantasy",44,"Terhi Hämäläinen",Finland,3,"Jane Peacock"
"2023-06-21 00:00:00",1109,206,3241,"War of the Gods, Pt. 2",1.99,1,1.99,20,"Sci Fi & Fantasy",48,"Johannes Van der Berg",Netherlands,5,"Steve Johnson"
"2023-06-21 00:00:00",1110,206,3245,"Greetings from Earth, Pt. 2",1.99,1,1.99,20,"Sci Fi & Fantasy",48,"Johannes Van der Berg",Netherlands,5,"Steve Johnson"
"2023-06-21 00:00:00",1111,206,3249,"The Hand of God",1.99,1,1.99,20,"Sci Fi & Fantasy",48,"Johannes Van der Berg",Netherlands,5,"Steve Johnson"
"2023-06-21 00:00:00",1112,206,3253,"Instant Karma",0.99,1,0.99,9,Pop,48,"Johannes Van der Berg",Netherlands,5,"Steve Johnson"
"2023-06-21 00:00:00",1113,206,3257,"Cold Turkey",0.99,1,0.99,9,Pop,48,"Johannes Van der Berg",Netherlands,5,"Steve Johnson"
"2023-06-21 00:00:00",1114,206,3261,"Oh, My Love",0.99,1,0.99,9,Pop,48,"Johannes Van der Berg",Netherlands,5,"Steve Johnson"
"2023-06-24 00:00:00",1115,207,3267,Imagine,0.99,1,0.99,9,Pop,54,"Steve Murray","United Kingdom",5,"Steve Johnson"
"2023-06-24 00:00:00",1116,207,3273,"[Just Like] Starting Over",0.99,1,0.99,9,Pop,54,"Steve Murray","United Kingdom",5,"Steve Johnson"
"2023-06-24 00:00:00",1117,207,3279,"Fairies Wear Boots",0.99,1,0.99,1,Rock,54,"Steve Murray","United Kingdom",5,"Steve Johnson"
"2023-06-24 00:00:00",1118,207,3285,"Sabbath, Bloody Sabbath",0.99,1,0.99,1,Rock,54,"Steve Murray","United Kingdom",5,"Steve Johnson"
"2023-06-24 00:00:00",1119,207,3291,"Loving You Sunday Morning",0.99,1,0.99,1,Rock,54,"Steve Murray","United Kingdom",5,"Steve Johnson"
"2023-06-24 00:00:00",1120,207,3297,"Tease Me Please Me",0.99,1,0.99,1,Rock,54,"Steve Murray","United Kingdom",5,"Steve Johnson"
"2023-06-24 00:00:00",1121,207,3303,"Top O' The Morning To Ya",0.99,1,0.99,17,"Hip Hop/Rap",54,"Steve Murray","United Kingdom",5,"Steve Johnson"
"2023-06-24 00:00:00",1122,207,3309,"Guess Who's Back",0.99,1,0.99,17,"Hip Hop/Rap",54,"Steve Murray","United Kingdom",5,"Steve Johnson"
"2023-06-24 00:00:00",1123,207,3315,"Feel It",0.99,1,0.99,17,"Hip Hop/Rap",54,"Steve Murray","United Kingdom",5,"Steve Johnson"
"2023-06-29 00:00:00",1124,208,3324,"Um Lugar ao Sol",0.99,1,0.99,15,Electronica/Dance,4,"Bjørn Hansen",Norway,4,"Margaret Park"
"2023-06-29 00:00:00",1125,208,3333,"Chega no Suingue",0.99,1,0.99,15,Electronica/Dance,4,"Bjørn Hansen",Norway,4,"Margaret Park"
"2023-06-29 00:00:00",1126,208,3342,"The Economist",1.99,1,1.99,21,Drama,4,"Bjørn Hansen",Norway,4,"Margaret Park"
"2023-06-29 00:00:00",1127,208,3351,"Din Din Wo (Little Child)",0.99,1,0.99,16,World,4,"Bjørn Hansen",Norway,4,"Margaret Park"
"2023-06-29 00:00:00",1128,208,3360,"Something Nice Back Home",1.99,1,1.99,21,Drama,4,"Bjørn Hansen",Norway,4,"Margaret Park"
"2023-06-29 00:00:00",1129,208,3369,"Call Me a Dog",0.99,1,0.99,23,Alternative,4,"Bjørn Hansen",Norway,4,"Margaret Park"
"2023-06-29 00:00:00",1130,208,3378,"Safe and Sound",0.99,1,0.99,23,Alternative,4,"Bjørn Hansen",Norway,4,"Margaret Park"
"2023-06-29 00:00:00",1131,208,3387,"Disappearing Act",0.99,1,0.99,23,Alternative,4,"Bjørn Hansen",Norway,4,"Margaret Park"
"2023-06-29 00:00:00",1132,208,3396,"Shape of Things to Come",0.99,1,0.99,23,Alternative,4,"Bjørn Hansen",Norway,4,"Margaret Park"
"2023-06-29 00:00:00",1133,208,3405,"Canon and Gigue in D Major: I. Canon",0.99,1,0.99,24,Classical,4,"Bjørn Hansen",Norway,4,"Margaret Park"
"2023-06-29 00:00:00",1134,208,3414,"Symphony No. 104 in D Major ""London"": IV. Finale: Spiritoso",0.99,1,0.99,24,Classical,4,"Bjørn Hansen",Norway,4,"Margaret Park"
"2023-06-29 00:00:00",1135,208,3423,"Jupiter, the Bringer of Jollity",0.99,1,0.99,24,Classical,4,"Bjørn Hansen",Norway,4,"Margaret Park"
"2023-06-29 00:00:00",1136,208,3432,"Scheherazade, Op. 35: I. The Sea and Sindbad's Ship",0.99,1,0.99,24,Classical,4,"Bjørn Hansen",Norway,4,"Margaret Park"
"2023-06-29 00:00:00",1137,208,3441,"Two Fanfares for Orchestra: II. Short Ride in a Fast Machine",0.99,1,0.99,24,Classical,4,"Bjørn Hansen",Norway,4,"Margaret Park"
"2023-07-07 00:00:00",1138,209,3455,Rehab,0.99,1,0.99,14,R&B/Soul,18,"Michelle Brooks",USA,3,"Jane Peacock"
"2023-07-20 00:00:00",1139,210,3456,"You Know I'm No Good",0.99,1,0.99,14,R&B/Soul,19,"Tim Goyer",USA,3,"Jane Peacock"
"2023-07-20 00:00:00",1140,210,3457,"Me & Mr. Jones",0.99,1,0.99,14,R&B/Soul,19,"Tim Goyer",USA,3,"Jane Peacock"
"2023-07-20 00:00:00",1141,211,3459,"Back to Black",0.99,1,0.99,14,R&B/Soul,21,"Kathy Chase",USA,5,"Steve Johnson"
"2023-07-20 00:00:00",1142,211,3461,"Tears Dry On Their Own",0.99,1,0.99,14,R&B/Soul,21,"Kathy Chase",USA,5,"Steve Johnson"
"2023-07-21 00:00:00",1143,212,3463,"Some Unholy War",0.99,1,0.99,14,R&B/Soul,23,"John Gordon",USA,4,"Margaret Park"
"2023-07-21 00:00:00",1144,212,3465,"You Know I'm No Good (feat. Ghostface Killah)",0.99,1,0.99,14,R&B/Soul,23,"John Gordon",USA,4,"Margaret Park"
"2023-07-21 00:00:00",1145,212,3467,"Intro / Stronger Than Me",0.99,1,0.99,9,Pop,23,"John Gordon",USA,4,"Margaret Park"
"2023-07-21 00:00:00",1146,212,3469,"F**k Me Pumps",0.99,1,0.99,9,Pop,23,"John Gordon",USA,4,"Margaret Park"
"2023-07-22 00:00:00",1147,213,3473,"Take the Box",0.99,1,0.99,9,Pop,27,"Patrick Gray",USA,4,"Margaret Park"
"2023-07-22 00:00:00",1148,213,3477,"Amy Amy Amy (Outro)",0.99,1,0.99,9,Pop,27,"Patrick Gray",USA,4,"Margaret Park"
"2023-07-22 00:00:00",1149,213,3481,"A Midsummer Night's Dream, Op.61 Incidental Music: No.7 Notturno",0.99,1,0.99,24,Classical,27,"Patrick Gray",USA,4,"Margaret Park"
"2023-07-22 00:00:00",1150,213,3485,"Symphony No. 3 Op. 36 for Orchestra and Soprano ""Symfonia Piesni Zalosnych""  Lento E Largo - Tranquillissimo",0.99,1,0.99,24,Classical,27,"Patrick Gray",USA,4,"Margaret Park"
"2023-07-22 00:00:00",1151,213,3489,"Symphony No. 2: III. Allegro vivace",0.99,1,0.99,24,Classical,27,"Patrick Gray",USA,4,"Margaret Park"
"2023-07-22 00:00:00",1152,213,3493,"Metopes, Op. 29: Calypso",0.99,1,0.99,24,Classical,27,"Patrick Gray",USA,4,"Margaret Park"
"2023-07-25 00:00:00",1153,214,3499,"Pini Di Roma (Pinien Von Rom)  I Pini Della Via Appia",0.99,1,0.99,24,Classical,33,"Ellie Sullivan",Canada,3,"Jane Peacock"
"2023-07-25 00:00:00",1154,214,2,"Balls to the Wall",0.99,1,0.99,1,Rock,33,"Ellie Sullivan",Canada,3,"Jane Peacock"
"2023-07-25 00:00:00",1155,214,8,"Inject The Venom",0.99,1,0.99,1,Rock,33,"Ellie Sullivan",Canada,3,"Jane Peacock"
"2023-07-25 00:00:00",1156,214,14,Spellbound,0.99,1,0.99,1,Rock,33,"Ellie Sullivan",Canada,3,"Jane Peacock"
"2023-07-25 00:00:00",1157,214,20,Overdose,0.99,1,0.99,1,Rock,33,"Ellie Sullivan",Canada,3,"Jane Peacock"
"2023-07-25 00:00:00",1158,214,26,"What It Takes",0.99,1,0.99,1,Rock,33,"Ellie Sullivan",Canada,3,"Jane Peacock"
"2023-07-25 00:00:00",1159,214,32,"Deuces Are Wild",0.99,1,0.99,1,Rock,33,"Ellie Sullivan",Canada,3,"Jane Peacock"
"2023-07-25 00:00:00",1160,214,38,"All I Really Want",0.99,1,0.99,1,Rock,33,"Ellie Sullivan",Canada,3,"Jane Peacock"
"2023-07-25 00:00:00",1161,214,44,"You Learn",0.99,1,0.99,1,Rock,33,"Ellie Sullivan",Canada,3,"Jane Peacock"
"2023-07-30 00:00:00",1162,215,53,"Sea Of Sorrow",0.99,1,0.99,1,Rock,42,"Wyatt Girard",France,3,"Jane Peacock"
"2023-07-30 00:00:00",1163,215,62,"Real Thing",0.99,1,0.99,1,Rock,42,"Wyatt Girard",France,3,"Jane Peacock"
"2023-07-30 00:00:00",1164,215,71,"Falando De Amor",0.99,1,0.99,2,Jazz,42,"Wyatt Girard",France,3,"Jane Peacock"
"2023-07-30 00:00:00",1165,215,80,"The Unforgiven",0.99,1,0.99,3,Metal,42,"Wyatt Girard",France,3,"Jane Peacock"
"2023-07-30 00:00:00",1166,215,89,"Like a Stone",0.99,1,0.99,1,Rock,42,"Wyatt Girard",France,3,"Jane Peacock"
"2023-07-30 00:00:00",1167,215,98,"The Last Remaining Light",0.99,1,0.99,1,Rock,42,"Wyatt Girard",France,3,"Jane Peacock"
"2023-07-30 00:00:00",1168,215,107,"Yesterday To Tomorrow",0.99,1,0.99,4,"Alternative & Punk",42,"Wyatt Girard",France,3,"Jane Peacock"
"2023-07-30 00:00:00",1169,215,116,"C'Mon Everybody",0.99,1,0.99,5,"Rock And Roll",42,"Wyatt Girard",France,3,"Jane Peacock"
"2023-07-30 00:00:00",1170,215,125,"Spanish moss-""A sound portrait""-Spanish moss",0.99,1,0.99,2,Jazz,42,"Wyatt Girard",France,3,"Jane Peacock"
"2023-07-30 00:00:00",1171,215,134,"All For You",0.99,1,0.99,3,Metal,42,"Wyatt Girard",France,3,"Jane Peacock"
"2023-07-30 00:00:00",1172,215,143,"The Begining... At Last",0.99,1,0.99,3,Metal,42,"Wyatt Girard",France,3,"Jane Peacock"
"2023-07-30 00:00:00",1173,215,152,N.I.B.,0.99,1,0.99,3,Metal,42,"Wyatt Girard",France,3,"Jane Peacock"
"2023-07-30 00:00:00",1174,215,161,Snowblind,0.99,1,0.99,3,Metal,42,"Wyatt Girard",France,3,"Jane Peacock"
"2023-07-30 00:00:00",1175,215,170,"A Statistic",0.99,1,0.99,4,"Alternative & Punk",42,"Wyatt Girard",France,3,"Jane Peacock"
"2023-08-07 00:00:00",1176,216,184,"Chemical Wedding",0.99,1,0.99,3,Metal,56,"Diego Gutiérrez",Argentina,4,"Margaret Park"
"2023-08-20 00:00:00",1177,217,185,"The Tower",0.99,1,0.99,3,Metal,57,"Luis Rojas",Chile,5,"Steve Johnson"
"2023-08-20 00:00:00",1178,217,186,"Killing Floor",0.99,1,0.99,3,Metal,57,"Luis Rojas",Chile,5,"Steve Johnson"
"2023-08-20 00:00:00",1179,218,188,"Gates Of Urizen",0.99,1,0.99,3,Metal,59,"Puja Srivastava",India,3,"Jane Peacock"
"2023-08-20 00:00:00",1180,218,190,"Trupets Of Jericho",0.99,1,0.99,3,Metal,59,"Puja Srivastava",India,3,"Jane Peacock"
"2023-08-21 00:00:00",1181,219,192,"The Alchemist",0.99,1,0.99,3,Metal,2,"Leonie Köhler",Germany,5,"Steve Johnson"
"2023-08-21 00:00:00",1182,219,194,"First Time I Met The Blues",0.99,1,0.99,6,Blues,2,"Leonie Köhler",Germany,5,"Steve Johnson"
"2023-08-21 00:00:00",1183,219,196,"Stone Crazy",0.99,1,0.99,6,Blues,2,"Leonie Köhler",Germany,5,"Steve Johnson"
"2023-08-21 00:00:00",1184,219,198,"When My Left Eye Jumps",0.99,1,0.99,6,Blues,2,"Leonie Köhler",Germany,5,"Steve Johnson"
"2023-08-22 00:00:00",1185,220,202,"My Time After Awhile",0.99,1,0.99,6,Blues,6,"Helena Holý","Czech Republic",5,"Steve Johnson"
"2023-08-22 00:00:00",1186,220,206,"Prenda Minha",0.99,1,0.99,7,Latin,6,"Helena Holý","Czech Republic",5,"Steve Johnson"
"2023-08-22 00:00:00",1187,220,210,"Texto ""Verdade Tropical""",0.99,1,0.99,7,Latin,6,"Helena Holý","Czech Republic",5,"Steve Johnson"
"2023-08-22 00:00:00",1188,220,214,Carolina,0.99,1,0.99,7,Latin,6,"Helena Holý","Czech Republic",5,"Steve Johnson"
"2023-08-22 00:00:00",1189,220,218,"Linha Do Equador",0.99,1,0.99,7,Latin,6,"Helena Holý","Czech Republic",5,"Steve Johnson"
"2023-08-22 00:00:00",1190,220,222,"Vida Boa",0.99,1,0.99,7,Latin,6,"Helena Holý","Czech Republic",5,"Steve Johnson"
"2023-08-25 00:00:00",1191,221,228,"Vai Passar",0.99,1,0.99,7,Latin,12,"Roberto Almeida",Brazil,3,"Jane Peacock"
"2023-08-25 00:00:00",1192,221,234,"Morena De Angola",0.99,1,0.99,7,Latin,12,"Roberto Almeida",Brazil,3,"Jane Peacock"
"2023-08-25 00:00:00",1193,221,240,"Meu Caro Amigo",0.99,1,0.99,7,Latin,12,"Roberto Almeida",Brazil,3,"Jane Peacock"
"2023-08-25 00:00:00",1194,221,246,"Mateus Enter",0.99,1,0.99,7,Latin,12,"Roberto Almeida",Brazil,3,"Jane Peacock"
"2023-08-25 00:00:00",1195,221,252,"Samba Do Lado",0.99,1,0.99,7,Latin,12,"Roberto Almeida",Brazil,3,"Jane Peacock"
"2023-08-25 00:00:00",1196,221,258,"Um Satélite Na Cabeça",0.99,1,0.99,7,Latin,12,"Roberto Almeida",Brazil,3,"Jane Peacock"
"2023-08-25 00:00:00",1197,221,264,"Amor De Muito",0.99,1,0.99,7,Latin,12,"Roberto Almeida",Brazil,3,"Jane Peacock"
"2023-08-25 00:00:00",1198,221,270,"Banditismo Por Uma Questa",0.99,1,0.99,7,Latin,12,"Roberto Almeida",Brazil,3,"Jane Peacock"
"2023-08-25 00:00:00",1199,221,276,"Maracatu De Tiro Certeiro",0.99,1,0.99,7,Latin,12,"Roberto Almeida",Brazil,3,"Jane Peacock"
"2023-08-30 00:00:00",1200,222,285,"Soldado Da Paz",0.99,1,0.99,8,Reggae,21,"Kathy Chase",USA,5,"Steve Johnson"
"2023-08-30 00:00:00",1201,222,294,Pensamento,0.99,1,0.99,8,Reggae,21,"Kathy Chase",USA,5,"Steve Johnson"
"2023-08-30 00:00:00",1202,222,303,"Falar A Verdade",0.99,1,0.99,8,Reggae,21,"Kathy Chase",USA,5,"Steve Johnson"
"2023-08-30 00:00:00",1203,222,312,"Eu Também Quero Beijar",0.99,1,0.99,8,Reggae,21,"Kathy Chase",USA,5,"Steve Johnson"
"2023-08-30 00:00:00",1204,222,321,"Felicidade Urgente",0.99,1,0.99,7,Latin,21,"Kathy Chase",USA,5,"Steve Johnson"
"2023-08-30 00:00:00",1205,222,330,"Levada do Amor (Ailoviu)",0.99,1,0.99,9,Pop,21,"Kathy Chase",USA,5,"Steve Johnson"
"2023-08-30 00:00:00",1206,222,339,"Communication Breakdown",0.99,1,0.99,1,Rock,21,"Kathy Chase",USA,5,"Steve Johnson"
"2023-08-30 00:00:00",1207,222,348,"I Can't Quit You Baby(2)",0.99,1,0.99,1,Rock,21,"Kathy Chase",USA,5,"Steve Johnson"
"2023-08-30 00:00:00",1208,222,357,"Advance Romance",0.99,1,0.99,1,Rock,21,"Kathy Chase",USA,5,"Steve Johnson"
"2023-08-30 00:00:00",1209,222,366,"Camisa Verde 2001",0.99,1,0.99,10,Soundtrack,21,"Kathy Chase",USA,5,"Steve Johnson"
"2023-08-30 00:00:00",1210,222,375,"Mas Que Nada",0.99,1,0.99,7,Latin,21,"Kathy Chase",USA,5,"Steve Johnson"
"2023-08-30 00:00:00",1211,222,384,"Mistério da Raça",0.99,1,0.99,7,Latin,21,"Kathy Chase",USA,5,"Steve Johnson"
"2023-08-30 00:00:00",1212,222,393,"Tarde Em Itapoã",0.99,1,0.99,7,Latin,21,"Kathy Chase",USA,5,"Steve Johnson"
"2023-08-30 00:00:00",1213,222,402,"Um Jantar Pra Dois",0.99,1,0.99,7,Latin,21,"Kathy Chase",USA,5,"Steve Johnson"
"2023-09-07 00:00:00",1214,223,416,"Whiskey In The Jar",0.99,1,0.99,3,Metal,35,"Madalena Sampaio",Portugal,4,"Margaret Park"
"2023-09-20 00:00:00",1215,224,417,"Tuesday's Gone",0.99,1,0.99,3,Metal,36,"Hannah Schneider",Germany,5,"Steve Johnson"
"2023-09-20 00:00:00",1216,224,418,"The More I See",0.99,1,0.99,3,Metal,36,"Hannah Schneider",Germany,5,"Steve Johnson"
"2023-09-20 00:00:00",1217,225,420,"Under Pressure",0.99,1,0.99,1,Rock,38,"Niklas Schröder",Germany,3,"Jane Peacock"
"2023-09-20 00:00:00",1218,225,422,"I Want It All",0.99,1,0.99,1,Rock,38,"Niklas Schröder",Germany,3,"Jane Peacock"
"2023-09-21 00:00:00",1219,226,424,Innuendo,0.99,1,0.99,1,Rock,40,"Dominique Lefebvre",France,4,"Margaret Park"
"2023-09-21 00:00:00",1220,226,426,Breakthru,0.99,1,0.99,1,Rock,40,"Dominique Lefebvre",France,4,"Margaret Park"
"2023-09-21 00:00:00",1221,226,428,Headlong,0.99,1,0.99,1,Rock,40,"Dominique Lefebvre",France,4,"Margaret Park"
"2023-09-21 00:00:00",1222,226,430,"I'm Going Slightly Mad",0.99,1,0.99,1,Rock,40,"Dominique Lefebvre",France,4,"Margaret Park"
"2023-09-22 00:00:00",1223,227,434,"The Show Must Go On",0.99,1,0.99,1,Rock,44,"Terhi Hämäläinen",Finland,3,"Jane Peacock"
"2023-09-22 00:00:00",1224,227,438,"Hard Luck Woman",0.99,1,0.99,1,Rock,44,"Terhi Hämäläinen",Finland,3,"Jane Peacock"
"2023-09-22 00:00:00",1225,227,442,"Goin' Blind",0.99,1,0.99,1,Rock,44,"Terhi Hämäläinen",Finland,3,"Jane Peacock"
"2023-09-22 00:00:00",1226,227,446,"I Was Made For Loving You",0.99,1,0.99,1,Rock,44,"Terhi Hämäläinen",Finland,3,"Jane Peacock"
"2023-09-22 00:00:00",1227,227,450,Beth,0.99,1,0.99,1,Rock,44,"Terhi Hämäläinen",Finland,3,"Jane Peacock"
"2023-09-22 00:00:00",1228,227,454,"Plaster Caster",0.99,1,0.99,1,Rock,44,"Terhi Hämäläinen",Finland,3,"Jane Peacock"
"2023-09-25 00:00:00",1229,228,460,Playtime,0.99,1,0.99,2,Jazz,50,"Enrique Muñoz",Spain,5,"Steve Johnson"
"2023-09-25 00:00:00",1230,228,466,"J Squared",0.99,1,0.99,2,Jazz,50,"Enrique Muñoz",Spain,5,"Steve Johnson"
"2023-09-25 00:00:00",1231,228,472,"Basket Case",0.99,1,0.99,4,"Alternative & Punk",50,"Enrique Muñoz",Spain,5,"Steve Johnson"
"2023-09-25 00:00:00",1232,228,478,Jaded,0.99,1,0.99,4,"Alternative & Punk",50,"Enrique Muñoz",Spain,5,"Steve Johnson"
"2023-09-25 00:00:00",1233,228,484,"Nice Guys Finish Last",0.99,1,0.99,4,"Alternative & Punk",50,"Enrique Muñoz",Spain,5,"Steve Johnson"
"2023-09-25 00:00:00",1234,228,490,"River Song",0.99,1,0.99,1,Rock,50,"Enrique Muñoz",Spain,5,"Steve Johnson"
"2023-09-25 00:00:00",1235,228,496,"Living On Love",0.99,1,0.99,1,Rock,50,"Enrique Muñoz",Spain,5,"Steve Johnson"
"2023-09-25 00:00:00",1236,228,502,"Não Dá Mais Pra Segurar (Explode Coração)",0.99,1,0.99,7,Latin,50,"Enrique Muñoz",Spain,5,"Steve Johnson"
"2023-09-25 00:00:00",1237,228,508,"Eu Apenas Queria Que Voçê Soubesse",0.99,1,0.99,7,Latin,50,"Enrique Muñoz",Spain,5,"Steve Johnson"
"2023-09-30 00:00:00",1238,229,517,"Um Indio",0.99,1,0.99,7,Latin,59,"Puja Srivastava",India,3,"Jane Peacock"
"2023-09-30 00:00:00",1239,229,526,"Fora Da Ordem",0.99,1,0.99,7,Latin,59,"Puja Srivastava",India,3,"Jane Peacock"
"2023-09-30 00:00:00",1240,229,535,"Chão De Estrelas",0.99,1,0.99,4,"Alternative & Punk",59,"Puja Srivastava",India,3,"Jane Peacock"
"2023-09-30 00:00:00",1241,229,544,Stormbringer,0.99,1,0.99,1,Rock,59,"Puja Srivastava",India,3,"Jane Peacock"
"2023-09-30 00:00:00",1242,229,553,"Houses Of The Holy",0.99,1,0.99,1,Rock,59,"Puja Srivastava",India,3,"Jane Peacock"
"2023-09-30 00:00:00",1243,229,562,Mangueira,0.99,1,0.99,7,Latin,59,"Puja Srivastava",India,3,"Jane Peacock"
"2023-09-30 00:00:00",1244,229,571,"Love Of My Life",0.99,1,0.99,1,Rock,59,"Puja Srivastava",India,3,"Jane Peacock"
"2023-09-30 00:00:00",1245,229,580,"El Farol",0.99,1,0.99,1,Rock,59,"Puja Srivastava",India,3,"Jane Peacock"
"2023-09-30 00:00:00",1246,229,589,"Um Love",0.99,1,0.99,7,Latin,59,"Puja Srivastava",India,3,"Jane Peacock"
"2023-09-30 00:00:00",1247,229,598,Jeru,0.99,1,0.99,2,Jazz,59,"Puja Srivastava",India,3,"Jane Peacock"
"2023-09-30 00:00:00",1248,229,607,"So What",0.99,1,0.99,2,Jazz,59,"Puja Srivastava",India,3,"Jane Peacock"
"2023-09-30 00:00:00",1249,229,616,"Black Satin",0.99,1,0.99,2,Jazz,59,"Puja Srivastava",India,3,"Jane Peacock"
"2023-09-30 00:00:00",1250,229,625,"Blue Rythm Fantasy",0.99,1,0.99,2,Jazz,59,"Puja Srivastava",India,3,"Jane Peacock"
"2023-09-30 00:00:00",1251,229,634,"Bop Boogie",0.99,1,0.99,2,Jazz,59,"Puja Srivastava",India,3,"Jane Peacock"
"2023-10-08 00:00:00",1252,230,648,"Onde Anda Você",0.99,1,0.99,11,"Bossa Nova",14,"Mark Philips",Canada,5,"Steve Johnson"
"2023-10-21 00:00:00",1253,231,649,"Samba Da Volta",0.99,1,0.99,11,"Bossa Nova",15,"Jennifer Peterson",Canada,3,"Jane Peacock"
"2023-10-21 00:00:00",1254,231,650,"Canto De Ossanha",0.99,1,0.99,11,"Bossa Nova",15,"Jennifer Peterson",Canada,3,"Jane Peacock"
"2023-10-21 00:00:00",1255,232,652,Formosa,0.99,1,0.99,11,"Bossa Nova",17,"Jack Smith",USA,5,"Steve Johnson"
"2023-10-21 00:00:00",1256,232,654,"Minha Namorada",0.99,1,0.99,11,"Bossa Nova",17,"Jack Smith",USA,5,"Steve Johnson"
"2023-10-22 00:00:00",1257,233,656,Berimbau,0.99,1,0.99,11,"Bossa Nova",19,"Tim Goyer",USA,3,"Jane Peacock"
"2023-10-22 00:00:00",1258,233,658,"Pot-Pourri N.º 2",0.99,1,0.99,11,"Bossa Nova",19,"Tim Goyer",USA,3,"Jane Peacock"
"2023-10-22 00:00:00",1259,233,660,"Carta Ao Tom 74",0.99,1,0.99,11,"Bossa Nova",19,"Tim Goyer",USA,3,"Jane Peacock"
"2023-10-22 00:00:00",1260,233,662,"Pela Luz dos Olhos Teus (Miúcha e Tom Jobim)",0.99,1,0.99,7,Latin,19,"Tim Goyer",USA,3,"Jane Peacock"
"2023-10-23 00:00:00",1261,234,666,"Coração do Agreste (Fafá de Belém)",0.99,1,0.99,7,Latin,23,"John Gordon",USA,4,"Margaret Park"
"2023-10-23 00:00:00",1262,234,670,"Romaria (Renato Teixeira)",0.99,1,0.99,7,Latin,23,"John Gordon",USA,4,"Margaret Park"
"2023-10-23 00:00:00",1263,234,674,"Preciso Apender a Viver Só (Maysa)",0.99,1,0.99,7,Latin,23,"John Gordon",USA,4,"Margaret Park"
"2023-10-23 00:00:00",1264,234,678,"Bad Moon Rising",0.99,1,0.99,1,Rock,23,"John Gordon",USA,4,"Margaret Park"
"2023-10-23 00:00:00",1265,234,682,"Down On The Corner",0.99,1,0.99,1,Rock,23,"John Gordon",USA,4,"Margaret Park"
"2023-10-23 00:00:00",1266,234,686,"Up Around The Bend",0.99,1,0.99,1,Rock,23,"John Gordon",USA,4,"Margaret Park"
"2023-10-26 00:00:00",1267,235,692,"Hey Tonight",0.99,1,0.99,1,Rock,29,"Robert Brown",Canada,3,"Jane Peacock"
"2023-10-26 00:00:00",1268,235,698,"Good Golly Miss Molly",0.99,1,0.99,1,Rock,29,"Robert Brown",Canada,3,"Jane Peacock"
"2023-10-26 00:00:00",1269,235,704,"Don't Look Now",0.99,1,0.99,1,Rock,29,"Robert Brown",Canada,3,"Jane Peacock"
"2023-10-26 00:00:00",1270,235,710,"It's Just A Thought",0.99,1,0.99,1,Rock,29,"Robert Brown",Canada,3,"Jane Peacock"
"2023-10-26 00:00:00",1271,235,716,Brasil,0.99,1,0.99,7,Latin,29,"Robert Brown",Canada,3,"Jane Peacock"
"2023-10-26 00:00:00",1272,235,722,"Meu Mundo Fica Completo (Com Você)",0.99,1,0.99,7,Latin,29,"Robert Brown",Canada,3,"Jane Peacock"
"2023-10-26 00:00:00",1273,235,728,"Woman Of The World (Ao Vivo)",0.99,1,0.99,7,Latin,29,"Robert Brown",Canada,3,"Jane Peacock"
"2023-10-26 00:00:00",1274,235,734,"Todo Amor Que Houver Nesta Vida",0.99,1,0.99,7,Latin,29,"Robert Brown",Canada,3,"Jane Peacock"
"2023-10-26 00:00:00",1275,235,740,Socorro,0.99,1,0.99,7,Latin,29,"Robert Brown",Canada,3,"Jane Peacock"
"2023-10-31 00:00:00",1276,236,749,"I Need Love",0.99,1,0.99,1,Rock,38,"Niklas Schröder",Germany,3,"Jane Peacock"
"2023-10-31 00:00:00",1277,236,758,"Into The Fire",0.99,1,0.99,1,Rock,38,"Niklas Schröder",Germany,3,"Jane Peacock"
"2023-10-31 00:00:00",1278,236,767,"No One Came",0.99,1,0.99,1,Rock,38,"Niklas Schröder",Germany,3,"Jane Peacock"
"2023-10-31 00:00:00",1279,236,776,Hush,0.99,1,0.99,1,Rock,38,"Niklas Schröder",Germany,3,"Jane Peacock"
"2023-10-31 00:00:00",1280,236,785,"Space Truckin'",0.99,1,0.99,1,Rock,38,"Niklas Schröder",Germany,3,"Jane Peacock"
"2023-10-31 00:00:00",1281,236,794,"A Touch Away",0.99,1,0.99,1,Rock,38,"Niklas Schröder",Germany,3,"Jane Peacock"
"2023-10-31 00:00:00",1282,236,803,"Love Conquers All",0.99,1,0.99,1,Rock,38,"Niklas Schröder",Germany,3,"Jane Peacock"
"2023-10-31 00:00:00",1283,236,812,"You Can't Do it Right (With the One You Love)",0.99,1,0.99,1,Rock,38,"Niklas Schröder",Germany,3,"Jane Peacock"
"2023-10-31 00:00:00",1284,236,821,"Ramshackle Man",0.99,1,0.99,1,Rock,38,"Niklas Schröder",Germany,3,"Jane Peacock"
"2023-10-31 00:00:00",1285,236,830,"Two Steps Behind [Acoustic Version]",0.99,1,0.99,1,Rock,38,"Niklas Schröder",Germany,3,"Jane Peacock"
"2023-10-31 00:00:00",1286,236,839,"Rock Of Ages",0.99,1,0.99,1,Rock,38,"Niklas Schröder",Germany,3,"Jane Peacock"
"2023-10-31 00:00:00",1287,236,848,Outbreak,0.99,1,0.99,2,Jazz,38,"Niklas Schröder",Germany,3,"Jane Peacock"
"2023-10-31 00:00:00",1288,236,857,Álibi,0.99,1,0.99,7,Latin,38,"Niklas Schröder",Germany,3,"Jane Peacock"
"2023-10-31 00:00:00",1289,236,866,Oceano,0.99,1,0.99,7,Latin,38,"Niklas Schröder",Germany,3,"Jane Peacock"
"2023-11-08 00:00:00",1290,237,880,"Dois Pra Lá, Dois Pra Cá",0.99,1,0.99,7,Latin,52,"Emma Jones","United Kingdom",3,"Jane Peacock"
"2023-11-21 00:00:00",1291,238,881,"Casa no Campo",0.99,1,0.99,7,Latin,53,"Phil Hughes","United Kingdom",3,"Jane Peacock"
"2023-11-21 00:00:00",1292,238,882,Romaria,0.99,1,0.99,7,Latin,53,"Phil Hughes","United Kingdom",3,"Jane Peacock"
"2023-11-21 00:00:00",1293,239,884,"Me Deixas Louca",0.99,1,0.99,7,Latin,55,"Mark Taylor",Australia,4,"Margaret Park"
"2023-11-21 00:00:00",1294,239,886,"Saudosa Maloca",0.99,1,0.99,7,Latin,55,"Mark Taylor",Australia,4,"Margaret Park"
"2023-11-22 00:00:00",1295,240,888,Madalena,0.99,1,0.99,7,Latin,57,"Luis Rojas",Chile,5,"Steve Johnson"
"2023-11-22 00:00:00",1296,240,890,"Aprendendo A Jogar",0.99,1,0.99,7,Latin,57,"Luis Rojas",Chile,5,"Steve Johnson"
"2023-11-22 00:00:00",1297,240,892,Badge,0.99,1,0.99,6,Blues,57,"Luis Rojas",Chile,5,"Steve Johnson"
"2023-11-22 00:00:00",1298,240,894,"Sunshine Of Your Love",0.99,1,0.99,6,Blues,57,"Luis Rojas",Chile,5,"Steve Johnson"
"2023-11-23 00:00:00",1299,241,898,"Bell Bottom Blues",0.99,1,0.99,6,Blues,2,"Leonie Köhler",Germany,5,"Steve Johnson"
"2023-11-23 00:00:00",1300,241,902,"Swing Low Sweet Chariot",0.99,1,0.99,6,Blues,2,"Leonie Köhler",Germany,5,"Steve Johnson"
"2023-11-23 00:00:00",1301,241,906,"Let It Grow",0.99,1,0.99,6,Blues,2,"Leonie Köhler",Germany,5,"Steve Johnson"
"2023-11-23 00:00:00",1302,241,910,"Before You Accuse Me",0.99,1,0.99,6,Blues,2,"Leonie Köhler",Germany,5,"Steve Johnson"
"2023-11-23 00:00:00",1303,241,914,"Nobody Knows You When You're Down & Out",0.99,1,0.99,6,Blues,2,"Leonie Köhler",Germany,5,"Steve Johnson"
"2023-11-23 00:00:00",1304,241,918,Alberta,0.99,1,0.99,6,Blues,2,"Leonie Köhler",Germany,5,"Steve Johnson"
"2023-11-26 00:00:00",1305,242,924,Stripsearch,0.99,1,0.99,4,"Alternative & Punk",8,"Daan Peeters",Belgium,4,"Margaret Park"
"2023-11-26 00:00:00",1306,242,930,"She Loves Me Not",0.99,1,0.99,4,"Alternative & Punk",8,"Daan Peeters",Belgium,4,"Margaret Park"
"2023-11-26 00:00:00",1307,242,936,Caffeine,0.99,1,0.99,4,"Alternative & Punk",8,"Daan Peeters",Belgium,4,"Margaret Park"
"2023-11-26 00:00:00",1308,242,942,Kindergarten,0.99,1,0.99,4,"Alternative & Punk",8,"Daan Peeters",Belgium,4,"Margaret Park"
"2023-11-26 00:00:00",1309,242,948,Easy,0.99,1,0.99,4,"Alternative & Punk",8,"Daan Peeters",Belgium,4,"Margaret Park"
"2023-11-26 00:00:00",1310,242,954,"Cuckoo For Caca",0.99,1,0.99,1,Rock,8,"Daan Peeters",Belgium,4,"Margaret Park"
"2023-11-26 00:00:00",1311,242,960,"What A Day",0.99,1,0.99,1,Rock,8,"Daan Peeters",Belgium,4,"Margaret Park"
"2023-11-26 00:00:00",1312,242,966,"Falling To Pieces",0.99,1,0.99,4,"Alternative & Punk",8,"Daan Peeters",Belgium,4,"Margaret Park"
"2023-11-26 00:00:00",1313,242,972,"Woodpecker From Mars",0.99,1,0.99,4,"Alternative & Punk",8,"Daan Peeters",Belgium,4,"Margaret Park"
"2023-12-01 00:00:00",1314,243,981,"Zeca Violeiro",0.99,1,0.99,7,Latin,17,"Jack Smith",USA,5,"Steve Johnson"
"2023-12-01 00:00:00",1315,243,990,"No Way Back",0.99,1,0.99,1,Rock,17,"Jack Smith",USA,5,"Steve Johnson"
"2023-12-01 00:00:00",1316,243,999,Still,0.99,1,0.99,1,Rock,17,"Jack Smith",USA,5,"Steve Johnson"
"2023-12-01 00:00:00",1317,243,1008,Razor,0.99,1,0.99,1,Rock,17,"Jack Smith",USA,5,"Steve Johnson"
"2023-12-01 00:00:00",1318,243,1017,Overdrive,0.99,1,0.99,4,"Alternative & Punk",17,"Jack Smith",USA,5,"Steve Johnson"
"2023-12-01 00:00:00",1319,243,1026,"My Hero",0.99,1,0.99,1,Rock,17,"Jack Smith",USA,5,"Steve Johnson"
"2023-12-01 00:00:00",1320,243,1035,"New York, New York",0.99,1,0.99,12,"Easy Listening",17,"Jack Smith",USA,5,"Steve Johnson"
"2023-12-01 00:00:00",1321,243,1044,"My Kind Of Town",0.99,1,0.99,12,"Easy Listening",17,"Jack Smith",USA,5,"Steve Johnson"
"2023-12-01 00:00:00",1322,243,1053,"Bad, Bad Leroy Brown",0.99,1,0.99,12,"Easy Listening",17,"Jack Smith",USA,5,"Steve Johnson"
"2023-12-01 00:00:00",1323,243,1062,Zambação,0.99,1,0.99,7,Latin,17,"Jack Smith",USA,5,"Steve Johnson"
"2023-12-01 00:00:00",1324,243,1071,"Divirta-Se (Saindo Da Sua)",0.99,1,0.99,7,Latin,17,"Jack Smith",USA,5,"Steve Johnson"
"2023-12-01 00:00:00",1325,243,1080,"Assum Preto",0.99,1,0.99,10,Soundtrack,17,"Jack Smith",USA,5,"Steve Johnson"
"2023-12-01 00:00:00",1326,243,1089,"Is This Love (Live)",0.99,1,0.99,7,Latin,17,"Jack Smith",USA,5,"Steve Johnson"
"2023-12-01 00:00:00",1327,243,1098,"Copacabana (Live)",0.99,1,0.99,7,Latin,17,"Jack Smith",USA,5,"Steve Johnson"
"2023-12-09 00:00:00",1328,244,1112,"Beira Mar",0.99,1,0.99,7,Latin,31,"Martha Silk",Canada,5,"Steve Johnson"
"2023-12-22 00:00:00",1329,245,1113,Sampa,0.99,1,0.99,7,Latin,32,"Aaron Mitchell",Canada,4,"Margaret Park"
"2023-12-22 00:00:00",1330,245,1114,Parabolicamará,0.99,1,0.99,7,Latin,32,"Aaron Mitchell",Canada,4,"Margaret Park"
"2023-12-22 00:00:00",1331,246,1116,"Expresso 2222",0.99,1,0.99,7,Latin,34,"João Fernandes",Portugal,4,"Margaret Park"
"2023-12-22 00:00:00",1332,246,1118,Palco,0.99,1,0.99,7,Latin,34,"João Fernandes",Portugal,4,"Margaret Park"
"2023-12-23 00:00:00",1333,247,1120,"Sítio Do Pica-Pau Amarelo",0.99,1,0.99,7,Latin,36,"Hannah Schneider",Germany,5,"Steve Johnson"
"2023-12-23 00:00:00",1334,247,1122,Faceless,0.99,1,0.99,3,Metal,36,"Hannah Schneider",Germany,5,"Steve Johnson"
"2023-12-23 00:00:00",1335,247,1124,"Make Me Believe",0.99,1,0.99,3,Metal,36,"Hannah Schneider",Germany,5,"Steve Johnson"
"2023-12-23 00:00:00",1336,247,1126,Re-Align,0.99,1,0.99,3,Metal,36,"Hannah Schneider",Germany,5,"Steve Johnson"
"2023-12-24 00:00:00",1337,248,1130,"I Am",0.99,1,0.99,3,Metal,40,"Dominique Lefebvre",France,4,"Margaret Park"
"2023-12-24 00:00:00",1338,248,1134,"Jesus Of Suburbia / City Of The Damned / I Don't Care / Dearly Beloved / Tales Of Another Broken Home",0.99,1,0.99,4,"Alternative & Punk",40,"Dominique Lefebvre",France,4,"Margaret Park"
"2023-12-24 00:00:00",1339,248,1138,"St. Jimmy",0.99,1,0.99,4,"Alternative & Punk",40,"Dominique Lefebvre",France,4,"Margaret Park"
"2023-12-24 00:00:00",1340,248,1142,Letterbomb,0.99,1,0.99,4,"Alternative & Punk",40,"Dominique Lefebvre",France,4,"Margaret Park"
"2023-12-24 00:00:00",1341,248,1146,"Welcome to the Jungle",0.99,1,0.99,1,Rock,40,"Dominique Lefebvre",France,4,"Margaret Park"
"2023-12-24 00:00:00",1342,248,1150,"Mr. Brownstone",0.99,1,0.99,1,Rock,40,"Dominique Lefebvre",France,4,"Margaret Park"
"2023-12-27 00:00:00",1343,249,1156,"Anything Goes",0.99,1,0.99,1,Rock,46,"Hugh O'Reilly",Ireland,3,"Jane Peacock"
"2023-12-27 00:00:00",1344,249,1162,"Perfect Crime",0.99,1,0.99,1,Rock,46,"Hugh O'Reilly",Ireland,3,"Jane Peacock"
"2023-12-27 00:00:00",1345,249,1168,"The Garden",0.99,1,0.99,1,Rock,46,"Hugh O'Reilly",Ireland,3,"Jane Peacock"
"2023-12-27 00:00:00",1346,249,1174,"Civil War",0.99,1,0.99,3,Metal,46,"Hugh O'Reilly",Ireland,3,"Jane Peacock"
"2023-12-27 00:00:00",1347,249,1180,Breakdown,0.99,1,0.99,3,Metal,46,"Hugh O'Reilly",Ireland,3,"Jane Peacock"
"2023-12-27 00:00:00",1348,249,1186,"Don't Cry",0.99,1,0.99,3,Metal,46,"Hugh O'Reilly",Ireland,3,"Jane Peacock"
"2023-12-27 00:00:00",1349,249,1192,"L'Arc En Ciel De Miles",0.99,1,0.99,2,Jazz,46,"Hugh O'Reilly",Ireland,3,"Jane Peacock"
"2023-12-27 00:00:00",1350,249,1198,"Jacob's Ladder",0.99,1,0.99,2,Jazz,46,"Hugh O'Reilly",Ireland,3,"Jane Peacock"
"2023-12-27 00:00:00",1351,249,1204,"The Pilgrim",0.99,1,0.99,1,Rock,46,"Hugh O'Reilly",Ireland,3,"Jane Peacock"
"2024-01-01 00:00:00",1352,250,1213,"The Trooper",0.99,1,0.99,3,Metal,55,"Mark Taylor",Australia,4,"Margaret Park"
"2024-01-01 00:00:00",1353,250,1222,"Iron Maiden",0.99,1,0.99,3,Metal,55,"Mark Taylor",Australia,4,"Margaret Park"
"2024-01-01 00:00:00",1354,250,1231,"Bring Your Daughter... To The Slaughter",0.99,1,0.99,3,Metal,55,"Mark Taylor",Australia,4,"Margaret Park"
"2024-01-01 00:00:00",1355,250,1240,"Dream Of Mirrors",0.99,1,0.99,1,Rock,55,"Mark Taylor",Australia,4,"Margaret Park"
"2024-01-01 00:00:00",1356,250,1249,"Dance Of Death",0.99,1,0.99,13,"Heavy Metal",55,"Mark Taylor",Australia,4,"Margaret Park"
"2024-01-01 00:00:00",1357,250,1258,"Afraid To Shoot Strangers",0.99,1,0.99,1,Rock,55,"Mark Taylor",Australia,4,"Margaret Park"
"2024-01-01 00:00:00",1358,250,1267,"Fear Of The Dark",0.99,1,0.99,1,Rock,55,"Mark Taylor",Australia,4,"Margaret Park"
"2024-01-01 00:00:00",1359,250,1276,"09 - Iron Maiden",0.99,1,0.99,6,Blues,55,"Mark Taylor",Australia,4,"Margaret Park"
"2024-01-01 00:00:00",1360,250,1285,Purgatory,0.99,1,0.99,13,"Heavy Metal",55,"Mark Taylor",Australia,4,"Margaret Park"
"2024-01-01 00:00:00",1361,250,1294,Powerslave,0.99,1,0.99,3,Metal,55,"Mark Taylor",Australia,4,"Margaret Park"
"2024-01-01 00:00:00",1362,250,1303,"Die With Your Boots On",0.99,1,0.99,13,"Heavy Metal",55,"Mark Taylor",Australia,4,"Margaret Park"
"2024-01-01 00:00:00",1363,250,1312,"The Evil That Men Do",0.99,1,0.99,1,Rock,55,"Mark Taylor",Australia,4,"Margaret Park"
"2024-01-01 00:00:00",1364,250,1321,"Hallowed Be Thy Name",0.99,1,0.99,1,Rock,55,"Mark Taylor",Australia,4,"Margaret Park"
"2024-01-01 00:00:00",1365,250,1330,"The Assassin",0.99,1,0.99,3,Metal,55,"Mark Taylor",Australia,4,"Margaret Park"
"2024-01-09 00:00:00",1366,251,1344,"Aces High",0.99,1,0.99,3,Metal,10,"Eduardo Martins",Brazil,4,"Margaret Park"
"2024-01-22 00:00:00",1367,252,1345,"2 Minutes To Midnight",0.99,1,0.99,3,Metal,11,"Alexandre Rocha",Brazil,5,"Steve Johnson"
"2024-01-22 00:00:00",1368,252,1346,"Losfer Words",0.99,1,0.99,3,Metal,11,"Alexandre Rocha",Brazil,5,"Steve Johnson"
"2024-01-22 00:00:00",1369,253,1348,Duelists,0.99,1,0.99,3,Metal,13,"Fernanda Ramos",Brazil,4,"Margaret Park"
"2024-01-22 00:00:00",1370,253,1350,Powerslave,0.99,1,0.99,3,Metal,13,"Fernanda Ramos",Brazil,4,"Margaret Park"
"2024-01-23 00:00:00",1371,254,1352,Intro,0.99,1,0.99,3,Metal,15,"Jennifer Peterson",Canada,3,"Jane Peacock"
"2024-01-23 00:00:00",1372,254,1354,"Ghost Of The Navigator",0.99,1,0.99,3,Metal,15,"Jennifer Peterson",Canada,3,"Jane Peacock"
"2024-01-23 00:00:00",1373,254,1356,Wrathchild,0.99,1,0.99,3,Metal,15,"Jennifer Peterson",Canada,3,"Jane Peacock"
"2024-01-23 00:00:00",1374,254,1358,"Blood Brothers",0.99,1,0.99,3,Metal,15,"Jennifer Peterson",Canada,3,"Jane Peacock"
"2024-01-24 00:00:00",1375,255,1362,"Dream Of Mirrors",0.99,1,0.99,1,Rock,19,"Tim Goyer",USA,3,"Jane Peacock"
"2024-01-24 00:00:00",1376,255,1366,"Iron Maiden",0.99,1,0.99,1,Rock,19,"Tim Goyer",USA,3,"Jane Peacock"
"2024-01-24 00:00:00",1377,255,1370,"Run To The Hills",0.99,1,0.99,1,Rock,19,"Tim Goyer",USA,3,"Jane Peacock"
"2024-01-24 00:00:00",1378,255,1374,"The Evil That Men Do",0.99,1,0.99,3,Metal,19,"Tim Goyer",USA,3,"Jane Peacock"
"2024-01-24 00:00:00",1379,255,1378,"Only the Good Die Young",0.99,1,0.99,3,Metal,19,"Tim Goyer",USA,3,"Jane Peacock"
"2024-01-24 00:00:00",1380,255,1382,"Heaven Can Wait",0.99,1,0.99,3,Metal,19,"Tim Goyer",USA,3,"Jane Peacock"
"2024-01-27 00:00:00",1381,256,1388,"Children of the Damned",0.99,1,0.99,3,Metal,25,"Victor Stevens",USA,5,"Steve Johnson"
"2024-01-27 00:00:00",1382,256,1394,"The Prisoner",0.99,1,0.99,3,Metal,25,"Victor Stevens",USA,5,"Steve Johnson"
"2024-01-27 00:00:00",1383,256,1400,"The Aftermath",0.99,1,0.99,1,Rock,25,"Victor Stevens",USA,5,"Steve Johnson"
"2024-01-27 00:00:00",1384,256,1406,Futureal,0.99,1,0.99,1,Rock,25,"Victor Stevens",USA,5,"Steve Johnson"
"2024-01-27 00:00:00",1385,256,1412,"Don't Look To The Eyes Of A Stranger",0.99,1,0.99,1,Rock,25,"Victor Stevens",USA,5,"Steve Johnson"
"2024-01-27 00:00:00",1386,256,1418,"Papa's Got A Brand New Bag Pt.1",0.99,1,0.99,14,R&B/Soul,25,"Victor Stevens",USA,5,"Steve Johnson"
"2024-01-27 00:00:00",1387,256,1424,"Hey America",0.99,1,0.99,14,R&B/Soul,25,"Victor Stevens",USA,5,"Steve Johnson"
"2024-01-27 00:00:00",1388,256,1430,"Living In America",0.99,1,0.99,14,R&B/Soul,25,"Victor Stevens",USA,5,"Steve Johnson"
"2024-01-27 00:00:00",1389,256,1436,"Hooked Up",0.99,1,0.99,1,Rock,25,"Victor Stevens",USA,5,"Steve Johnson"
"2024-02-01 00:00:00",1390,257,1445,"Planet Home",0.99,1,0.99,14,R&B/Soul,34,"João Fernandes",Portugal,4,"Margaret Park"
"2024-02-01 00:00:00",1391,257,1454,"Deeper Underground",0.99,1,0.99,14,R&B/Soul,34,"João Fernandes",Portugal,4,"Margaret Park"
"2024-02-01 00:00:00",1392,257,1463,"Journey To Arnhemland",0.99,1,0.99,15,Electronica/Dance,34,"João Fernandes",Portugal,4,"Margaret Park"
"2024-02-01 00:00:00",1393,257,1472,"Radio Song",0.99,1,0.99,4,"Alternative & Punk",34,"João Fernandes",Portugal,4,"Margaret Park"
"2024-02-01 00:00:00",1394,257,1481,"Red House",0.99,1,0.99,1,Rock,34,"João Fernandes",Portugal,4,"Margaret Park"
"2024-02-01 00:00:00",1395,257,1490,"Hey Joe",0.99,1,0.99,1,Rock,34,"João Fernandes",Portugal,4,"Margaret Park"
"2024-02-01 00:00:00",1396,257,1499,"Always With Me, Always With You",0.99,1,0.99,1,Rock,34,"João Fernandes",Portugal,4,"Margaret Park"
"2024-02-01 00:00:00",1397,257,1508,"Mama Africa",0.99,1,0.99,7,Latin,34,"João Fernandes",Portugal,4,"Margaret Park"
"2024-02-01 00:00:00",1398,257,1517,"Santa Clara Clareou",0.99,1,0.99,7,Latin,34,"João Fernandes",Portugal,4,"Margaret Park"
"2024-02-01 00:00:00",1399,257,1526,"Encontrar Alguém",0.99,1,0.99,7,Latin,34,"João Fernandes",Portugal,4,"Margaret Park"
"2024-02-01 00:00:00",1400,257,1535,"No Futuro",0.99,1,0.99,16,World,34,"João Fernandes",Portugal,4,"Margaret Park"
"2024-02-01 00:00:00",1401,257,1544,Cafezinho,0.99,1,0.99,16,World,34,"João Fernandes",Portugal,4,"Margaret Park"
"2024-02-01 00:00:00",1402,257,1553,"You've Got Another Thing Comin'",0.99,1,0.99,3,Metal,34,"João Fernandes",Portugal,4,"Margaret Park"
"2024-02-01 00:00:00",1403,257,1562,"Comin' Home",0.99,1,0.99,1,Rock,34,"João Fernandes",Portugal,4,"Margaret Park"
"2024-02-09 00:00:00",1404,258,1576,"Rock And Roll All Nite",0.99,1,0.99,1,Rock,48,"Johannes Van der Berg",Netherlands,5,"Steve Johnson"
"2024-02-22 00:00:00",1405,259,1577,"Immigrant Song",0.99,1,0.99,1,Rock,49,"Stanisław Wójcik",Poland,4,"Margaret Park"
"2024-02-22 00:00:00",1406,259,1578,Heartbreaker,0.99,1,0.99,1,Rock,49,"Stanisław Wójcik",Poland,4,"Margaret Park"
"2024-02-22 00:00:00",1407,260,1580,"Black Dog",0.99,1,0.99,1,Rock,51,"Joakim Johansson",Sweden,5,"Steve Johnson"
"2024-02-22 00:00:00",1408,260,1582,"Stairway To Heaven",0.99,1,0.99,1,Rock,51,"Joakim Johansson",Sweden,5,"Steve Johnson"
"2024-02-23 00:00:00",1409,261,1584,"That's The Way",0.99,1,0.99,1,Rock,53,"Phil Hughes","United Kingdom",3,"Jane Peacock"
"2024-02-23 00:00:00",1410,261,1586,"Thank You",0.99,1,0.99,1,Rock,53,"Phil Hughes","United Kingdom",3,"Jane Peacock"
"2024-02-23 00:00:00",1411,261,1588,"Poor Tom",0.99,1,0.99,1,Rock,53,"Phil Hughes","United Kingdom",3,"Jane Peacock"
"2024-02-23 00:00:00",1412,261,1590,"Walter's Walk",0.99,1,0.99,1,Rock,53,"Phil Hughes","United Kingdom",3,"Jane Peacock"
"2024-02-24 00:00:00",1413,262,1594,"Wearing And Tearing",0.99,1,0.99,1,Rock,57,"Luis Rojas",Chile,5,"Steve Johnson"
"2024-02-24 00:00:00",1414,262,1598,"The Crunge",0.99,1,0.99,1,Rock,57,"Luis Rojas",Chile,5,"Steve Johnson"
"2024-02-24 00:00:00",1415,262,1602,"The Ocean",0.99,1,0.99,1,Rock,57,"Luis Rojas",Chile,5,"Steve Johnson"
"2024-02-24 00:00:00",1416,262,1606,"Hot Dog",0.99,1,0.99,1,Rock,57,"Luis Rojas",Chile,5,"Steve Johnson"
"2024-02-24 00:00:00",1417,262,1610,"Black Dog",0.99,1,0.99,1,Rock,57,"Luis Rojas",Chile,5,"Steve Johnson"
"2024-02-24 00:00:00",1418,262,1614,"Misty Mountain Hop",0.99,1,0.99,1,Rock,57,"Luis Rojas",Chile,5,"Steve Johnson"
"2024-02-27 00:00:00",1419,263,1620,"You Shook Me",0.99,1,0.99,1,Rock,4,"Bjørn Hansen",Norway,4,"Margaret Park"
"2024-02-27 00:00:00",1420,263,1626,"How Many More Times",0.99,1,0.99,1,Rock,4,"Bjørn Hansen",Norway,4,"Margaret Park"
"2024-02-27 00:00:00",1421,263,1632,"Living Loving Maid (She's Just A Woman)",0.99,1,0.99,1,Rock,4,"Bjørn Hansen",Norway,4,"Margaret Park"
"2024-02-27 00:00:00",1422,263,1638,"Celebration Day",0.99,1,0.99,1,Rock,4,"Bjørn Hansen",Norway,4,"Margaret Park"
"2024-02-27 00:00:00",1423,263,1644,"Bron-Y-Aur Stomp",0.99,1,0.99,1,Rock,4,"Bjørn Hansen",Norway,4,"Margaret Park"
"2024-02-27 00:00:00",1424,263,1650,"Night Flight",0.99,1,0.99,1,Rock,4,"Bjørn Hansen",Norway,4,"Margaret Park"
"2024-02-27 00:00:00",1425,263,1656,"For Your Life",0.99,1,0.99,1,Rock,4,"Bjørn Hansen",Norway,4,"Margaret Park"
"2024-02-27 00:00:00",1426,263,1662,"Rock & Roll",0.99,1,0.99,1,Rock,4,"Bjørn Hansen",Norway,4,"Margaret Park"
"2024-02-27 00:00:00",1427,263,1668,"Stairway To Heaven",0.99,1,0.99,1,Rock,4,"Bjørn Hansen",Norway,4,"Margaret Park"
"2024-03-03 00:00:00",1428,264,1677,Aloha,0.99,1,0.99,7,Latin,13,"Fernanda Ramos",Brazil,4,"Margaret Park"
"2024-03-03 00:00:00",1429,264,1686,Será,0.99,1,0.99,7,Latin,13,"Fernanda Ramos",Brazil,4,"Margaret Park"
"2024-03-03 00:00:00",1430,264,1695,"Pais E Filhos",0.99,1,0.99,7,Latin,13,"Fernanda Ramos",Brazil,4,"Margaret Park"
"2024-03-03 00:00:00",1431,264,1704,"Rock And Roll Is Dead",0.99,1,0.99,1,Rock,13,"Fernanda Ramos",Brazil,4,"Margaret Park"
"2024-03-03 00:00:00",1432,264,1713,"I Belong To You",0.99,1,0.99,1,Rock,13,"Fernanda Ramos",Brazil,4,"Margaret Park"
"2024-03-03 00:00:00",1433,264,1722,Casa,0.99,1,0.99,7,Latin,13,"Fernanda Ramos",Brazil,4,"Margaret Park"
"2024-03-03 00:00:00",1434,264,1731,"A Cura",0.99,1,0.99,7,Latin,13,"Fernanda Ramos",Brazil,4,"Margaret Park"
"2024-03-03 00:00:00",1435,264,1740,Sereia,0.99,1,0.99,7,Latin,13,"Fernanda Ramos",Brazil,4,"Margaret Park"
"2024-03-03 00:00:00",1436,264,1749,"Heart Of Lothian: Wide Boy / Curtain Call",0.99,1,0.99,1,Rock,13,"Fernanda Ramos",Brazil,4,"Margaret Park"
"2024-03-03 00:00:00",1437,264,1758,"Cérebro Eletrônico",0.99,1,0.99,7,Latin,13,"Fernanda Ramos",Brazil,4,"Margaret Park"
"2024-03-03 00:00:00",1438,264,1767,"A Menina Dança",0.99,1,0.99,7,Latin,13,"Fernanda Ramos",Brazil,4,"Margaret Park"
"2024-03-03 00:00:00",1439,264,1776,"You've Been A Long Time Coming",0.99,1,0.99,14,R&B/Soul,13,"Fernanda Ramos",Brazil,4,"Margaret Park"
"2024-03-03 00:00:00",1440,264,1785,"Abraham, Martin And John",0.99,1,0.99,14,R&B/Soul,13,"Fernanda Ramos",Brazil,4,"Margaret Park"
"2024-03-03 00:00:00",1441,264,1794,"Everything I Need",0.99,1,0.99,1,Rock,13,"Fernanda Ramos",Brazil,4,"Margaret Park"
"2024-03-11 00:00:00",1442,265,1808,"Nothing Else Matters",0.99,1,0.99,3,Metal,27,"Patrick Gray",USA,4,"Margaret Park"
"2024-03-24 00:00:00",1443,266,1809,"Of Wolf And Man",0.99,1,0.99,3,Metal,28,"Julia Barnett",USA,5,"Steve Johnson"
"2024-03-24 00:00:00",1444,266,1810,"The God That Failed",0.99,1,0.99,3,Metal,28,"Julia Barnett",USA,5,"Steve Johnson"
"2024-03-24 00:00:00",1445,267,1812,"The Struggle Within",0.99,1,0.99,3,Metal,30,"Edward Francis",Canada,3,"Jane Peacock"
"2024-03-24 00:00:00",1446,267,1814,"The Small Hours",0.99,1,0.99,3,Metal,30,"Edward Francis",Canada,3,"Jane Peacock"
"2024-03-25 00:00:00",1447,268,1816,"Crash Course In Brain Surgery",0.99,1,0.99,3,Metal,32,"Aaron Mitchell",Canada,4,"Margaret Park"
"2024-03-25 00:00:00",1448,268,1818,"Am I Evil?",0.99,1,0.99,3,Metal,32,"Aaron Mitchell",Canada,4,"Margaret Park"
"2024-03-25 00:00:00",1449,268,1820,Breadfan,0.99,1,0.99,3,Metal,32,"Aaron Mitchell",Canada,4,"Margaret Park"
"2024-03-25 00:00:00",1450,268,1822,"Stone Cold Crazy",0.99,1,0.99,3,Metal,32,"Aaron Mitchell",Canada,4,"Margaret Park"
"2024-03-26 00:00:00",1451,269,1826,"Damage Case",0.99,1,0.99,3,Metal,36,"Hannah Schneider",Germany,5,"Steve Johnson"
"2024-03-26 00:00:00",1452,269,1830,"The Four Horsemen",0.99,1,0.99,3,Metal,36,"Hannah Schneider",Germany,5,"Steve Johnson"
"2024-03-26 00:00:00",1453,269,1834,Whiplash,0.99,1,0.99,3,Metal,36,"Hannah Schneider",Germany,5,"Steve Johnson"
"2024-03-26 00:00:00",1454,269,1838,"Metal Militia",0.99,1,0.99,3,Metal,36,"Hannah Schneider",Germany,5,"Steve Johnson"
"2024-03-26 00:00:00",1455,269,1842,"Until It Sleeps",0.99,1,0.99,3,Metal,36,"Hannah Schneider",Germany,5,"Steve Johnson"
"2024-03-26 00:00:00",1456,269,1846,Cure,0.99,1,0.99,3,Metal,36,"Hannah Schneider",Germany,5,"Steve Johnson"
"2024-03-29 00:00:00",1457,270,1852,"The Outlaw Torn",0.99,1,0.99,3,Metal,42,"Wyatt Girard",France,3,"Jane Peacock"
"2024-03-29 00:00:00",1458,270,1858,"Leper Messiah",0.99,1,0.99,3,Metal,42,"Wyatt Girard",France,3,"Jane Peacock"
"2024-03-29 00:00:00",1459,270,1864,"The Unforgiven II",0.99,1,0.99,3,Metal,42,"Wyatt Girard",France,3,"Jane Peacock"
"2024-03-29 00:00:00",1460,270,1870,"Prince Charming",0.99,1,0.99,3,Metal,42,"Wyatt Girard",France,3,"Jane Peacock"
"2024-03-29 00:00:00",1461,270,1876,"For Whom The Bell Tolls",0.99,1,0.99,3,Metal,42,"Wyatt Girard",France,3,"Jane Peacock"
"2024-03-29 00:00:00",1462,270,1882,Frantic,0.99,1,0.99,3,Metal,42,"Wyatt Girard",France,3,"Jane Peacock"
"2024-03-29 00:00:00",1463,270,1888,"Shoot Me Again",0.99,1,0.99,3,Metal,42,"Wyatt Girard",France,3,"Jane Peacock"
"2024-03-29 00:00:00",1464,270,1894,"...And Justice For All",0.99,1,0.99,3,Metal,42,"Wyatt Girard",France,3,"Jane Peacock"
"2024-03-29 00:00:00",1465,270,1900,"To Live Is To Die",0.99,1,0.99,3,Metal,42,"Wyatt Girard",France,3,"Jane Peacock"
"2024-04-03 00:00:00",1466,271,1909,"The Meaning Of The Blues",0.99,1,0.99,2,Jazz,51,"Joakim Johansson",Sweden,5,"Steve Johnson"
"2024-04-03 00:00:00",1467,271,1918,"Paisagem Na Janela",0.99,1,0.99,7,Latin,51,"Joakim Johansson",Sweden,5,"Steve Johnson"
"2024-04-03 00:00:00",1468,271,1927,"Para Lennon E McCartney",0.99,1,0.99,7,Latin,51,"Joakim Johansson",Sweden,5,"Steve Johnson"
"2024-04-03 00:00:00",1469,271,1936,Idolatrada,0.99,1,0.99,7,Latin,51,"Joakim Johansson",Sweden,5,"Steve Johnson"
"2024-04-03 00:00:00",1470,271,1945,"Live To Win",0.99,1,0.99,3,Metal,51,"Joakim Johansson",Sweden,5,"Steve Johnson"
"2024-04-03 00:00:00",1471,271,1954,"Dirty Love",0.99,1,0.99,3,Metal,51,"Joakim Johansson",Sweden,5,"Steve Johnson"
"2024-04-03 00:00:00",1472,271,1963,"É Fogo",0.99,1,0.99,16,World,51,"Joakim Johansson",Sweden,5,"Steve Johnson"
"2024-04-03 00:00:00",1473,271,1972,"Kickstart My Heart",0.99,1,0.99,3,Metal,51,"Joakim Johansson",Sweden,5,"Steve Johnson"
"2024-04-03 00:00:00",1474,271,1981,"Smokin' in The Boys Room",0.99,1,0.99,3,Metal,51,"Joakim Johansson",Sweden,5,"Steve Johnson"
"2024-04-03 00:00:00",1475,271,1990,"Smells Like Teen Spirit",0.99,1,0.99,1,Rock,51,"Joakim Johansson",Sweden,5,"Steve Johnson"
"2024-04-03 00:00:00",1476,271,1999,Polly,0.99,1,0.99,1,Rock,51,"Joakim Johansson",Sweden,5,"Steve Johnson"
"2024-04-03 00:00:00",1477,271,2008,Polly,0.99,1,0.99,1,Rock,51,"Joakim Johansson",Sweden,5,"Steve Johnson"
"2024-04-03 00:00:00",1478,271,2017,"Sangue Latino",0.99,1,0.99,1,Rock,51,"Joakim Johansson",Sweden,5,"Steve Johnson"
"2024-04-03 00:00:00",1479,271,2026,"Às Vezes",0.99,1,0.99,1,Rock,51,"Joakim Johansson",Sweden,5,"Steve Johnson"
"2024-04-11 00:00:00",1480,272,2040,"Revolta Olodum",0.99,1,0.99,7,Latin,6,"Helena Holý","Czech Republic",5,"Steve Johnson"
"2024-04-24 00:00:00",1481,273,2041,"Reggae Odoyá",0.99,1,0.99,7,Latin,7,"Astrid Gruber",Austria,5,"Steve Johnson"
"2024-04-24 00:00:00",1482,273,2042,"Protesto Do Olodum (Ao Vivo)",0.99,1,0.99,7,Latin,7,"Astrid Gruber",Austria,5,"Steve Johnson"
"2024-04-24 00:00:00",1483,274,2044,"Vulcão Dub - Fui Eu",0.99,1,0.99,7,Latin,9,"Kara Nielsen",Denmark,4,"Margaret Park"
"2024-04-24 00:00:00",1484,274,2046,Manguetown,0.99,1,0.99,7,Latin,9,"Kara Nielsen",Denmark,4,"Margaret Park"
"2024-04-25 00:00:00",1485,275,2048,Bora-Bora,0.99,1,0.99,7,Latin,11,"Alexandre Rocha",Brazil,5,"Steve Johnson"
"2024-04-25 00:00:00",1486,275,2050,"I Feel Good (I Got You) - Sossego",0.99,1,0.99,7,Latin,11,"Alexandre Rocha",Brazil,5,"Steve Johnson"
"2024-04-25 00:00:00",1487,275,2052,"Sincero Breu",0.99,1,0.99,7,Latin,11,"Alexandre Rocha",Brazil,5,"Steve Johnson"
"2024-04-25 00:00:00",1488,275,2054,Selvagem,0.99,1,0.99,7,Latin,11,"Alexandre Rocha",Brazil,5,"Steve Johnson"
"2024-04-26 00:00:00",1489,276,2058,"Navegar Impreciso",0.99,1,0.99,7,Latin,15,"Jennifer Peterson",Canada,3,"Jane Peacock"
"2024-04-26 00:00:00",1490,276,2062,"Life During Wartime",0.99,1,0.99,7,Latin,15,"Jennifer Peterson",Canada,3,"Jane Peacock"
"2024-04-26 00:00:00",1491,276,2066,"Tendo A Lua",0.99,1,0.99,7,Latin,15,"Jennifer Peterson",Canada,3,"Jane Peacock"
"2024-04-26 00:00:00",1492,276,2070,"Busca Vida",0.99,1,0.99,7,Latin,15,"Jennifer Peterson",Canada,3,"Jane Peacock"
"2024-04-26 00:00:00",1493,276,2074,"Ela Disse Adeus",0.99,1,0.99,7,Latin,15,"Jennifer Peterson",Canada,3,"Jane Peacock"
"2024-04-26 00:00:00",1494,276,2078,Óculos,0.99,1,0.99,7,Latin,15,"Jennifer Peterson",Canada,3,"Jane Peacock"
"2024-04-29 00:00:00",1495,277,2084,"O Beco",0.99,1,0.99,7,Latin,21,"Kathy Chase",USA,5,"Steve Johnson"
"2024-04-29 00:00:00",1496,277,2090,"Romance Ideal",0.99,1,0.99,7,Latin,21,"Kathy Chase",USA,5,"Steve Johnson"
"2024-04-29 00:00:00",1497,277,2096,"Flying High Again",0.99,1,0.99,1,Rock,21,"Kathy Chase",USA,5,"Steve Johnson"
"2024-04-29 00:00:00",1498,277,2102,"Mr. Crowley",0.99,1,0.99,3,Metal,21,"Kathy Chase",USA,5,"Steve Johnson"
"2024-04-29 00:00:00",1499,277,2108,"Children Of The Grave",0.99,1,0.99,3,Metal,21,"Kathy Chase",USA,5,"Steve Johnson"
"2024-04-29 00:00:00",1500,277,2114,"When The World Was Young",0.99,1,0.99,1,Rock,21,"Kathy Chase",USA,5,"Steve Johnson"
"2024-04-29 00:00:00",1501,277,2120,"Walking Into Clarksdale",0.99,1,0.99,1,Rock,21,"Kathy Chase",USA,5,"Steve Johnson"
"2024-04-29 00:00:00",1502,277,2126,Slug,0.99,1,0.99,10,Soundtrack,21,"Kathy Chase",USA,5,"Steve Johnson"
"2024-04-29 00:00:00",1503,277,2132,"Ito Okashi",0.99,1,0.99,10,Soundtrack,21,"Kathy Chase",USA,5,"Steve Johnson"
"2024-05-04 00:00:00",1504,278,2141,Prowler,0.99,1,0.99,1,Rock,30,"Edward Francis",Canada,3,"Jane Peacock"
"2024-05-04 00:00:00",1505,278,2150,"Given To Fly",0.99,1,0.99,1,Rock,30,"Edward Francis",Canada,3,"Jane Peacock"
"2024-05-04 00:00:00",1506,278,2159,"Off He Goes",0.99,1,0.99,1,Rock,30,"Edward Francis",Canada,3,"Jane Peacock"
"2024-05-04 00:00:00",1507,278,2168,"Severed Hand",0.99,1,0.99,4,"Alternative & Punk",30,"Edward Francis",Canada,3,"Jane Peacock"
"2024-05-04 00:00:00",1508,278,2177,"Inside Job",0.99,1,0.99,4,"Alternative & Punk",30,"Edward Francis",Canada,3,"Jane Peacock"
"2024-05-04 00:00:00",1509,278,2186,"Get Right",0.99,1,0.99,1,Rock,30,"Edward Francis",Canada,3,"Jane Peacock"
"2024-05-04 00:00:00",1510,278,2195,Alive,0.99,1,0.99,1,Rock,30,"Edward Francis",Canada,3,"Jane Peacock"
"2024-05-04 00:00:00",1511,278,2204,Go,0.99,1,0.99,1,Rock,30,"Edward Francis",Canada,3,"Jane Peacock"
"2024-05-04 00:00:00",1512,278,2213,"Elderly Woman Behind The Counter In A Small Town",0.99,1,0.99,1,Rock,30,"Edward Francis",Canada,3,"Jane Peacock"
"2024-05-04 00:00:00",1513,278,2222,"Bush Doctor",0.99,1,0.99,8,Reggae,30,"Edward Francis",Canada,3,"Jane Peacock"
"2024-05-04 00:00:00",1514,278,2231,Time,0.99,1,0.99,1,Rock,30,"Edward Francis",Canada,3,"Jane Peacock"
"2024-05-04 00:00:00",1515,278,2240,"Hip Hop Rio",0.99,1,0.99,17,"Hip Hop/Rap",30,"Edward Francis",Canada,3,"Jane Peacock"
"2024-05-04 00:00:00",1516,278,2249,"Rappers Reais",0.99,1,0.99,17,"Hip Hop/Rap",30,"Edward Francis",Canada,3,"Jane Peacock"
"2024-05-04 00:00:00",1517,278,2258,"Bicycle Race",0.99,1,0.99,1,Rock,30,"Edward Francis",Canada,3,"Jane Peacock"
"2024-05-12 00:00:00",1518,279,2272,"We Are The Champions",0.99,1,0.99,1,Rock,44,"Terhi Hämäläinen",Finland,3,"Jane Peacock"
"2024-05-25 00:00:00",1519,280,2273,"Sheer Heart Attack",0.99,1,0.99,1,Rock,45,"Ladislav Kovács",Hungary,3,"Jane Peacock"
"2024-05-25 00:00:00",1520,280,2274,"All Dead, All Dead",0.99,1,0.99,1,Rock,45,"Ladislav Kovács",Hungary,3,"Jane Peacock"
"2024-05-25 00:00:00",1521,281,2276,"Fight From The Inside",0.99,1,0.99,1,Rock,47,"Lucas Mancini",Italy,5,"Steve Johnson"
"2024-05-25 00:00:00",1522,281,2278,"Sleep On The Sidewalk",0.99,1,0.99,1,Rock,47,"Lucas Mancini",Italy,5,"Steve Johnson"
"2024-05-26 00:00:00",1523,282,2280,"It's Late",0.99,1,0.99,1,Rock,49,"Stanisław Wójcik",Poland,4,"Margaret Park"
"2024-05-26 00:00:00",1524,282,2282,"Shiny Happy People",0.99,1,0.99,4,"Alternative & Punk",49,"Stanisław Wójcik",Poland,4,"Margaret Park"
"2024-05-26 00:00:00",1525,282,2284,"Radio Song",0.99,1,0.99,4,"Alternative & Punk",49,"Stanisław Wójcik",Poland,4,"Margaret Park"
"2024-05-26 00:00:00",1526,282,2286,"Get Up",0.99,1,0.99,4,"Alternative & Punk",49,"Stanisław Wójcik",Poland,4,"Margaret Park"
"2024-05-27 00:00:00",1527,283,2290,"The Wrong Child",0.99,1,0.99,4,"Alternative & Punk",53,"Phil Hughes","United Kingdom",3,"Jane Peacock"
"2024-05-27 00:00:00",1528,283,2294,"I Remember California",0.99,1,0.99,4,"Alternative & Punk",53,"Phil Hughes","United Kingdom",3,"Jane Peacock"
"2024-05-27 00:00:00",1529,283,2298,"New Test Leper",0.99,1,0.99,1,Rock,53,"Phil Hughes","United Kingdom",3,"Jane Peacock"
"2024-05-27 00:00:00",1530,283,2302,Departure,0.99,1,0.99,1,Rock,53,"Phil Hughes","United Kingdom",3,"Jane Peacock"
"2024-05-27 00:00:00",1531,283,2306,Zither,0.99,1,0.99,1,Rock,53,"Phil Hughes","United Kingdom",3,"Jane Peacock"
"2024-05-27 00:00:00",1532,283,2310,"Losing My Religion",0.99,1,0.99,4,"Alternative & Punk",53,"Phil Hughes","United Kingdom",3,"Jane Peacock"
"2024-05-30 00:00:00",1533,284,2316,Texarkana,0.99,1,0.99,4,"Alternative & Punk",59,"Puja Srivastava",India,3,"Jane Peacock"
"2024-05-30 00:00:00",1534,284,2322,"So Central Rain",0.99,1,0.99,4,"Alternative & Punk",59,"Puja Srivastava",India,3,"Jane Peacock"
"2024-05-30 00:00:00",1535,284,2328,"Fall On Me",0.99,1,0.99,4,"Alternative & Punk",59,"Puja Srivastava",India,3,"Jane Peacock"
"2024-05-30 00:00:00",1536,284,2334,"Infeliz Natal",0.99,1,0.99,4,"Alternative & Punk",59,"Puja Srivastava",India,3,"Jane Peacock"
"2024-05-30 00:00:00",1537,284,2340,"Esporrei Na Manivela",0.99,1,0.99,4,"Alternative & Punk",59,"Puja Srivastava",India,3,"Jane Peacock"
"2024-05-30 00:00:00",1538,284,2346,"No Fundo Do Quintal Da Escola",0.99,1,0.99,1,Rock,59,"Puja Srivastava",India,3,"Jane Peacock"
"2024-05-30 00:00:00",1539,284,2352,"Que Luz É Essa",0.99,1,0.99,1,Rock,59,"Puja Srivastava",India,3,"Jane Peacock"
"2024-05-30 00:00:00",1540,284,2358,"The Power Of Equality",0.99,1,0.99,4,"Alternative & Punk",59,"Puja Srivastava",India,3,"Jane Peacock"
"2024-05-30 00:00:00",1541,284,2364,"Mellowship Slinky In B Major",0.99,1,0.99,4,"Alternative & Punk",59,"Puja Srivastava",India,3,"Jane Peacock"
"2024-06-04 00:00:00",1542,285,2373,"Sir Psycho Sexy",0.99,1,0.99,4,"Alternative & Punk",9,"Kara Nielsen",Denmark,4,"Margaret Park"
"2024-06-04 00:00:00",1543,285,2382,"I Could Die For You",0.99,1,0.99,1,Rock,9,"Kara Nielsen",Denmark,4,"Margaret Park"
"2024-06-04 00:00:00",1544,285,2391,"Around The World",0.99,1,0.99,1,Rock,9,"Kara Nielsen",Denmark,4,"Margaret Park"
"2024-06-04 00:00:00",1545,285,2400,"I Like Dirt",0.99,1,0.99,1,Rock,9,"Kara Nielsen",Denmark,4,"Margaret Park"
"2024-06-04 00:00:00",1546,285,2409,Freewill,0.99,1,0.99,1,Rock,9,"Kara Nielsen",Denmark,4,"Margaret Park"
"2024-06-04 00:00:00",1547,285,2418,"Fly By Night",0.99,1,0.99,1,Rock,9,"Kara Nielsen",Denmark,4,"Margaret Park"
"2024-06-04 00:00:00",1548,285,2427,"Santana Jam",0.99,1,0.99,1,Rock,9,"Kara Nielsen",Denmark,4,"Margaret Park"
"2024-06-04 00:00:00",1549,285,2436,"The Right Thing",0.99,1,0.99,1,Rock,9,"Kara Nielsen",Denmark,4,"Margaret Park"
"2024-06-04 00:00:00",1550,285,2445,"For Your Babies",0.99,1,0.99,1,Rock,9,"Kara Nielsen",Denmark,4,"Margaret Park"
"2024-06-04 00:00:00",1551,285,2454,Muçulmano,0.99,1,0.99,1,Rock,9,"Kara Nielsen",Denmark,4,"Margaret Park"
"2024-06-04 00:00:00",1552,285,2463,"Zé Trindade",0.99,1,0.99,1,Rock,9,"Kara Nielsen",Denmark,4,"Margaret Park"
"2024-06-04 00:00:00",1553,285,2472,"Lucky 13",0.99,1,0.99,4,"Alternative & Punk",9,"Kara Nielsen",Denmark,4,"Margaret Park"
"2024-06-04 00:00:00",1554,285,2481,Waiting,0.99,1,0.99,4,"Alternative & Punk",9,"Kara Nielsen",Denmark,4,"Margaret Park"
"2024-06-04 00:00:00",1555,285,2490,Drown,0.99,1,0.99,4,"Alternative & Punk",9,"Kara Nielsen",Denmark,4,"Margaret Park"
"2024-06-12 00:00:00",1556,286,2504,"Real Love",0.99,1,0.99,4,"Alternative & Punk",23,"John Gordon",USA,4,"Margaret Park"
"2024-06-25 00:00:00",1557,287,2505,[Untitled],0.99,1,0.99,4,"Alternative & Punk",24,"Frank Ralston",USA,3,"Jane Peacock"
"2024-06-25 00:00:00",1558,287,2506,"Nothing To Say",0.99,1,0.99,1,Rock,24,"Frank Ralston",USA,3,"Jane Peacock"
"2024-06-25 00:00:00",1559,288,2508,"Loud Love",0.99,1,0.99,1,Rock,26,"Richard Cunningham",USA,4,"Margaret Park"
"2024-06-25 00:00:00",1560,288,2510,"Get On The Snake",0.99,1,0.99,1,Rock,26,"Richard Cunningham",USA,4,"Margaret Park"
"2024-06-26 00:00:00",1561,289,2512,Outshined,0.99,1,0.99,1,Rock,28,"Julia Barnett",USA,5,"Steve Johnson"
"2024-06-26 00:00:00",1562,289,2514,Spoonman,0.99,1,0.99,1,Rock,28,"Julia Barnett",USA,5,"Steve Johnson"
"2024-06-26 00:00:00",1563,289,2516,"Black Hole Sun",0.99,1,0.99,1,Rock,28,"Julia Barnett",USA,5,"Steve Johnson"
"2024-06-26 00:00:00",1564,289,2518,"Pretty Noose",0.99,1,0.99,1,Rock,28,"Julia Barnett",USA,5,"Steve Johnson"
"2024-06-27 00:00:00",1565,290,2522,"Bleed Together",0.99,1,0.99,1,Rock,32,"Aaron Mitchell",Canada,4,"Margaret Park"
"2024-06-27 00:00:00",1566,290,2526,"Song For Lorraine",0.99,1,0.99,2,Jazz,32,"Aaron Mitchell",Canada,4,"Margaret Park"
"2024-06-27 00:00:00",1567,290,2530,"Little Linda",0.99,1,0.99,2,Jazz,32,"Aaron Mitchell",Canada,4,"Margaret Park"
"2024-06-27 00:00:00",1568,290,2534,Tightrope,0.99,1,0.99,6,Blues,32,"Aaron Mitchell",Canada,4,"Margaret Park"
"2024-06-27 00:00:00",1569,290,2538,"Wall Of Denial",0.99,1,0.99,6,Blues,32,"Aaron Mitchell",Canada,4,"Margaret Park"
"2024-06-27 00:00:00",1570,290,2542,"Dead And Bloated",0.99,1,0.99,1,Rock,32,"Aaron Mitchell",Canada,4,"Margaret Park"
"2024-06-30 00:00:00",1571,291,2548,Creep,0.99,1,0.99,1,Rock,38,"Niklas Schröder",Germany,3,"Jane Peacock"
"2024-06-30 00:00:00",1572,291,2554,"Soldier Side - Intro",0.99,1,0.99,3,Metal,38,"Niklas Schröder",Germany,3,"Jane Peacock"
"2024-06-30 00:00:00",1573,291,2560,"Violent Pornography",0.99,1,0.99,3,Metal,38,"Niklas Schröder",Germany,3,"Jane Peacock"
"2024-06-30 00:00:00",1574,291,2566,"Dark Corners",0.99,1,0.99,1,Rock,38,"Niklas Schröder",Germany,3,"Jane Peacock"
"2024-06-30 00:00:00",1575,291,2572,"Midnight From The Inside Out",0.99,1,0.99,6,Blues,38,"Niklas Schröder",Germany,3,"Jane Peacock"
"2024-06-30 00:00:00",1576,291,2578,"Miracle To Me",0.99,1,0.99,6,Blues,38,"Niklas Schröder",Germany,3,"Jane Peacock"
"2024-06-30 00:00:00",1577,291,2584,"Title Song",0.99,1,0.99,6,Blues,38,"Niklas Schröder",Germany,3,"Jane Peacock"
"2024-06-30 00:00:00",1578,291,2590,Remedy,0.99,1,0.99,6,Blues,38,"Niklas Schröder",Germany,3,"Jane Peacock"
"2024-06-30 00:00:00",1579,291,2596,"Tommy Gun",0.99,1,0.99,4,"Alternative & Punk",38,"Niklas Schröder",Germany,3,"Jane Peacock"
"2024-07-05 00:00:00",1580,292,2605,"This Is Radio Clash",0.99,1,0.99,4,"Alternative & Punk",47,"Lucas Mancini",Italy,5,"Steve Johnson"
"2024-07-05 00:00:00",1581,292,2614,Nico,0.99,1,0.99,1,Rock,47,"Lucas Mancini",Italy,5,"Steve Johnson"
"2024-07-05 00:00:00",1582,292,2623,"Lil' Evil",0.99,1,0.99,1,Rock,47,"Lucas Mancini",Italy,5,"Steve Johnson"
"2024-07-05 00:00:00",1583,292,2632,Love,0.99,1,0.99,1,Rock,47,"Lucas Mancini",Italy,5,"Steve Johnson"
"2024-07-05 00:00:00",1584,292,2641,"The Crystal Ship",0.99,1,0.99,1,Rock,47,"Lucas Mancini",Italy,5,"Steve Johnson"
"2024-07-05 00:00:00",1585,292,2650,Roxanne,0.99,1,0.99,1,Rock,47,"Lucas Mancini",Italy,5,"Steve Johnson"
"2024-07-05 00:00:00",1586,292,2659,"Every Breath You Take",0.99,1,0.99,1,Rock,47,"Lucas Mancini",Italy,5,"Steve Johnson"
"2024-07-05 00:00:00",1587,292,2668,"As Tears Go By",0.99,1,0.99,1,Rock,47,"Lucas Mancini",Italy,5,"Steve Johnson"
"2024-07-05 00:00:00",1588,292,2677,"You Got Me Rocking",0.99,1,0.99,1,Rock,47,"Lucas Mancini",Italy,5,"Steve Johnson"
"2024-07-05 00:00:00",1589,292,2686,Respectable,0.99,1,0.99,1,Rock,47,"Lucas Mancini",Italy,5,"Steve Johnson"
"2024-07-05 00:00:00",1590,292,2695,"Moon Is Up",0.99,1,0.99,1,Rock,47,"Lucas Mancini",Italy,5,"Steve Johnson"
"2024-07-05 00:00:00",1591,292,2704,"Mean Disposition",0.99,1,0.99,1,Rock,47,"Lucas Mancini",Italy,5,"Steve Johnson"
"2024-07-05 00:00:00",1592,292,2713,Release,0.99,1,0.99,4,"Alternative & Punk",47,"Lucas Mancini",Italy,5,"Steve Johnson"
"2024-07-05 00:00:00",1593,292,2722,Psychopomp,0.99,1,0.99,4,"Alternative & Punk",47,"Lucas Mancini",Italy,5,"Steve Johnson"
"2024-07-13 00:00:00",1594,293,2736,"Boris The Spider",0.99,1,0.99,1,Rock,2,"Leonie Köhler",Germany,5,"Steve Johnson"
"2024-07-26 00:00:00",1595,294,2737,"Happy Jack",0.99,1,0.99,1,Rock,3,"François Tremblay",Canada,3,"Jane Peacock"
"2024-07-26 00:00:00",1596,294,2738,"Pictures Of Lily",0.99,1,0.99,1,Rock,3,"François Tremblay",Canada,3,"Jane Peacock"
"2024-07-26 00:00:00",1597,295,2740,"Magic Bus",0.99,1,0.99,1,Rock,5,"František Wichterlová","Czech Republic",4,"Margaret Park"
"2024-07-26 00:00:00",1598,295,2742,"The Seeker",0.99,1,0.99,1,Rock,5,"František Wichterlová","Czech Republic",4,"Margaret Park"
"2024-07-27 00:00:00",1599,296,2744,"Won't Get Fooled Again (Full Length Version)",0.99,1,0.99,1,Rock,7,"Astrid Gruber",Austria,5,"Steve Johnson"
"2024-07-27 00:00:00",1600,296,2746,5.15,0.99,1,0.99,1,Rock,7,"Astrid Gruber",Austria,5,"Steve Johnson"
"2024-07-27 00:00:00",1601,296,2748,"Squeeze Box",0.99,1,0.99,1,Rock,7,"Astrid Gruber",Austria,5,"Steve Johnson"
"2024-07-27 00:00:00",1602,296,2750,"You Better You Bet",0.99,1,0.99,1,Rock,7,"Astrid Gruber",Austria,5,"Steve Johnson"
"2024-07-28 00:00:00",1603,297,2754,"O Descobridor Dos Sete Mares",0.99,1,0.99,7,Latin,11,"Alexandre Rocha",Brazil,5,"Steve Johnson"
"2024-07-28 00:00:00",1604,297,2758,"Não Vou Ficar",0.99,1,0.99,7,Latin,11,"Alexandre Rocha",Brazil,5,"Steve Johnson"
"2024-07-28 00:00:00",1605,297,2762,"Cristina Nº 2",0.99,1,0.99,7,Latin,11,"Alexandre Rocha",Brazil,5,"Steve Johnson"
"2024-07-28 00:00:00",1606,297,2766,"O Que Me Importa",0.99,1,0.99,7,Latin,11,"Alexandre Rocha",Brazil,5,"Steve Johnson"
"2024-07-28 00:00:00",1607,297,2770,"Eu Amo Você",0.99,1,0.99,7,Latin,11,"Alexandre Rocha",Brazil,5,"Steve Johnson"
"2024-07-28 00:00:00",1608,297,2774,"Nosso Adeus",0.99,1,0.99,7,Latin,11,"Alexandre Rocha",Brazil,5,"Steve Johnson"
"2024-07-31 00:00:00",1609,298,2780,Formigueiro,0.99,1,0.99,7,Latin,17,"Jack Smith",USA,5,"Steve Johnson"
"2024-07-31 00:00:00",1610,298,2786,"O Pulso",0.99,1,0.99,4,"Alternative & Punk",17,"Jack Smith",USA,5,"Steve Johnson"
"2024-07-31 00:00:00",1611,298,2792,"A Melhor Forma",0.99,1,0.99,4,"Alternative & Punk",17,"Jack Smith",USA,5,"Steve Johnson"
"2024-07-31 00:00:00",1612,298,2798,"Homem Primata",0.99,1,0.99,4,"Alternative & Punk",17,"Jack Smith",USA,5,"Steve Johnson"
"2024-07-31 00:00:00",1613,298,2804,"Lugar Nenhum",0.99,1,0.99,4,"Alternative & Punk",17,"Jack Smith",USA,5,"Steve Johnson"
"2024-07-31 00:00:00",1614,298,2810,"Caras Como Eu",0.99,1,0.99,4,"Alternative & Punk",17,"Jack Smith",USA,5,"Steve Johnson"
"2024-07-31 00:00:00",1615,298,2816,"Toda Cor",0.99,1,0.99,4,"Alternative & Punk",17,"Jack Smith",USA,5,"Steve Johnson"
"2024-07-31 00:00:00",1616,298,2822,"Exodus, Pt. 2",1.99,1,1.99,19,"TV Shows",17,"Jack Smith",USA,5,"Steve Johnson"
"2024-07-31 00:00:00",1617,298,2828,"The Passage",1.99,1,1.99,18,"Science Fiction",17,"Jack Smith",USA,5,"Steve Johnson"
"2024-08-05 00:00:00",1618,299,2837,"Crossroads, Pt. 1",1.99,1,1.99,20,"Sci Fi & Fantasy",26,"Richard Cunningham",USA,4,"Margaret Park"
"2024-08-05 00:00:00",1619,299,2846,"Seven Minutes to Midnight",1.99,1,1.99,21,Drama,26,"Richard Cunningham",USA,4,"Margaret Park"
"2024-08-05 00:00:00",1620,299,2855,"Company Man",1.99,1,1.99,21,Drama,26,"Richard Cunningham",USA,4,"Margaret Park"
"2024-08-05 00:00:00",1621,299,2864,Orientation,1.99,1,1.99,19,"TV Shows",26,"Richard Cunningham",USA,4,"Margaret Park"
"2024-08-05 00:00:00",1622,299,2873,"House of the Rising Sun",1.99,1,1.99,19,"TV Shows",26,"Richard Cunningham",USA,4,"Margaret Park"
"2024-08-05 00:00:00",1623,299,2882,"Lost Survival Guide",1.99,1,1.99,21,Drama,26,"Richard Cunningham",USA,4,"Margaret Park"
"2024-08-05 00:00:00",1624,299,2891,"Enter 77",1.99,1,1.99,21,Drama,26,"Richard Cunningham",USA,4,"Margaret Park"
"2024-08-05 00:00:00",1625,299,2900,Exposé,1.99,1,1.99,21,Drama,26,"Richard Cunningham",USA,4,"Margaret Park"
"2024-08-05 00:00:00",1626,299,2909,Catch-22,1.99,1,1.99,21,Drama,26,"Richard Cunningham",USA,4,"Margaret Park"
"2024-08-05 00:00:00",1627,299,2918,"""?""",1.99,1,1.99,19,"TV Shows",26,"Richard Cunningham",USA,4,"Margaret Park"
"2024-08-05 00:00:00",1628,299,2927,"Even Better Than The Real Thing",0.99,1,0.99,1,Rock,26,"Richard Cunningham",USA,4,"Margaret Park"
"2024-08-05 00:00:00",1629,299,2936,Acrobat,0.99,1,0.99,1,Rock,26,"Richard Cunningham",USA,4,"Margaret Park"
"2024-08-05 00:00:00",1630,299,2945,"Peace On Earth",0.99,1,0.99,1,Rock,26,"Richard Cunningham",USA,4,"Margaret Park"
"2024-08-05 00:00:00",1631,299,2954,"Dancing Barefoot",0.99,1,0.99,1,Rock,26,"Richard Cunningham",USA,4,"Margaret Park"
"2024-08-13 00:00:00",1632,300,2968,"City Of Blinding Lights",0.99,1,0.99,1,Rock,40,"Dominique Lefebvre",France,4,"Margaret Park"
"2024-08-26 00:00:00",1633,301,2969,"All Because Of You",0.99,1,0.99,1,Rock,41,"Marc Dubois",France,5,"Steve Johnson"
"2024-08-26 00:00:00",1634,301,2970,"A Man And A Woman",0.99,1,0.99,1,Rock,41,"Marc Dubois",France,5,"Steve Johnson"
"2024-08-26 00:00:00",1635,302,2972,"One Step Closer",0.99,1,0.99,1,Rock,43,"Isabelle Mercier",France,3,"Jane Peacock"
"2024-08-26 00:00:00",1636,302,2974,Yahweh,0.99,1,0.99,1,Rock,43,"Isabelle Mercier",France,3,"Jane Peacock"
"2024-08-27 00:00:00",1637,303,2976,"Do You Feel Loved",0.99,1,0.99,1,Rock,45,"Ladislav Kovács",Hungary,3,"Jane Peacock"
"2024-08-27 00:00:00",1638,303,2978,"If God Will Send His Angels",0.99,1,0.99,1,Rock,45,"Ladislav Kovács",Hungary,3,"Jane Peacock"
"2024-08-27 00:00:00",1639,303,2980,"Last Night On Earth",0.99,1,0.99,1,Rock,45,"Ladislav Kovács",Hungary,3,"Jane Peacock"
"2024-08-27 00:00:00",1640,303,2982,Miami,0.99,1,0.99,1,Rock,45,"Ladislav Kovács",Hungary,3,"Jane Peacock"
"2024-08-28 00:00:00",1641,304,2986,"Wake Up Dead Man",0.99,1,0.99,1,Rock,49,"Stanisław Wójcik",Poland,4,"Margaret Park"
"2024-08-28 00:00:00",1642,304,2990,"Hawkmoon 269",0.99,1,0.99,1,Rock,49,"Stanisław Wójcik",Poland,4,"Margaret Park"
"2024-08-28 00:00:00",1643,304,2994,"Silver And Gold",0.99,1,0.99,1,Rock,49,"Stanisław Wójcik",Poland,4,"Margaret Park"
"2024-08-28 00:00:00",1644,304,2998,"When Love Comes To Town",0.99,1,0.99,1,Rock,49,"Stanisław Wójcik",Poland,4,"Margaret Park"
"2024-08-28 00:00:00",1645,304,3002,"Bullet The Blue Sky",0.99,1,0.99,1,Rock,49,"Stanisław Wójcik",Poland,4,"Margaret Park"
"2024-08-28 00:00:00",1646,304,3006,"With Or Without You",0.99,1,0.99,1,Rock,49,"Stanisław Wójcik",Poland,4,"Margaret Park"
"2024-08-31 00:00:00",1647,305,3012,"The Unforgettable Fire",0.99,1,0.99,1,Rock,55,"Mark Taylor",Australia,4,"Margaret Park"
"2024-08-31 00:00:00",1648,305,3018,"Sunday Bloody Sunday",0.99,1,0.99,1,Rock,55,"Mark Taylor",Australia,4,"Margaret Park"
"2024-08-31 00:00:00",1649,305,3024,"Two Hearts Beat As One",0.99,1,0.99,1,Rock,55,"Mark Taylor",Australia,4,"Margaret Park"
"2024-08-31 00:00:00",1650,305,3030,Numb,0.99,1,0.99,1,Rock,55,"Mark Taylor",Australia,4,"Margaret Park"
"2024-08-31 00:00:00",1651,305,3036,"Dirty Day",0.99,1,0.99,1,Rock,55,"Mark Taylor",Australia,4,"Margaret Park"
"2024-08-31 00:00:00",1652,305,3042,"Here I Am (Come And Take Me)",0.99,1,0.99,8,Reggae,55,"Mark Taylor",Australia,4,"Margaret Park"
"2024-08-31 00:00:00",1653,305,3048,"C'est La Vie",0.99,1,0.99,8,Reggae,55,"Mark Taylor",Australia,4,"Margaret Park"
"2024-08-31 00:00:00",1654,305,3054,Cathedral,0.99,1,0.99,1,Rock,55,"Mark Taylor",Australia,4,"Margaret Park"
"2024-08-31 00:00:00",1655,305,3060,"Little Guitars",0.99,1,0.99,1,Rock,55,"Mark Taylor",Australia,4,"Margaret Park"
"2024-09-05 00:00:00",1656,306,3069,Unchained,0.99,1,0.99,1,Rock,5,"František Wichterlová","Czech Republic",4,"Margaret Park"
"2024-09-05 00:00:00",1657,306,3078,"Humans Being",0.99,1,0.99,1,Rock,5,"František Wichterlová","Czech Republic",4,"Margaret Park"
"2024-09-05 00:00:00",1658,306,3087,"Atomic Punk",0.99,1,0.99,1,Rock,5,"František Wichterlová","Czech Republic",4,"Margaret Park"
"2024-09-05 00:00:00",1659,306,3096,"Dirty Water Dog",0.99,1,0.99,1,Rock,5,"František Wichterlová","Czech Republic",4,"Margaret Park"
"2024-09-05 00:00:00",1660,306,3105,"Do It For The Kids",0.99,1,0.99,1,Rock,5,"František Wichterlová","Czech Republic",4,"Margaret Park"
"2024-09-05 00:00:00",1661,306,3114,Slither,0.99,1,0.99,1,Rock,5,"František Wichterlová","Czech Republic",4,"Margaret Park"
"2024-09-05 00:00:00",1662,306,3123,"Samba Pra Endrigo",0.99,1,0.99,7,Latin,5,"František Wichterlová","Czech Republic",4,"Margaret Park"
"2024-09-05 00:00:00",1663,306,3132,"Still Of The Night",0.99,1,0.99,3,Metal,5,"František Wichterlová","Czech Republic",4,"Margaret Park"
"2024-09-05 00:00:00",1664,306,3141,"You're Gonna Break My Hart Again",0.99,1,0.99,3,Metal,5,"František Wichterlová","Czech Republic",4,"Margaret Park"
"2024-09-05 00:00:00",1665,306,3150,"Coração Em Desalinho",0.99,1,0.99,7,Latin,5,"František Wichterlová","Czech Republic",4,"Margaret Park"
"2024-09-05 00:00:00",1666,306,3159,"Camarão que Dorme e Onda Leva",0.99,1,0.99,7,Latin,5,"František Wichterlová","Czech Republic",4,"Margaret Park"
"2024-09-05 00:00:00",1667,306,3168,"The Hard Part",1.99,1,1.99,21,Drama,5,"František Wichterlová","Czech Republic",4,"Margaret Park"
"2024-09-05 00:00:00",1668,306,3177,"Hot Girl",1.99,1,1.99,19,"TV Shows",5,"František Wichterlová","Czech Republic",4,"Margaret Park"
"2024-09-05 00:00:00",1669,306,3186,"Email Surveillance",1.99,1,1.99,19,"TV Shows",5,"František Wichterlová","Czech Republic",4,"Margaret Park"
"2024-09-13 00:00:00",1670,307,3200,"Gay Witch Hunt",1.99,1,1.99,19,"TV Shows",19,"Tim Goyer",USA,3,"Jane Peacock"
"2024-09-26 00:00:00",1671,308,3201,"The Convention",1.99,1,1.99,19,"TV Shows",20,"Dan Miller",USA,4,"Margaret Park"
"2024-09-26 00:00:00",1672,308,3202,"The Coup",1.99,1,1.99,19,"TV Shows",20,"Dan Miller",USA,4,"Margaret Park"
"2024-09-26 00:00:00",1673,309,3204,"The Initiation",1.99,1,1.99,19,"TV Shows",22,"Heather Leacock",USA,4,"Margaret Park"
"2024-09-26 00:00:00",1674,309,3206,"Branch Closing",1.99,1,1.99,19,"TV Shows",22,"Heather Leacock",USA,4,"Margaret Park"
"2024-09-27 00:00:00",1675,310,3208,"The Convict",1.99,1,1.99,22,Comedy,24,"Frank Ralston",USA,3,"Jane Peacock"
"2024-09-27 00:00:00",1676,310,3210,"Back from Vacation",1.99,1,1.99,22,Comedy,24,"Frank Ralston",USA,3,"Jane Peacock"
"2024-09-27 00:00:00",1677,310,3212,"Producer's Cut: The Return",1.99,1,1.99,22,Comedy,24,"Frank Ralston",USA,3,"Jane Peacock"
"2024-09-27 00:00:00",1678,310,3214,"Phyllis's Wedding",1.99,1,1.99,22,Comedy,24,"Frank Ralston",USA,3,"Jane Peacock"
"2024-09-28 00:00:00",1679,311,3218,"Safety Training",1.99,1,1.99,22,Comedy,28,"Julia Barnett",USA,5,"Steve Johnson"
"2024-09-28 00:00:00",1680,311,3222,"The Job",1.99,1,1.99,22,Comedy,28,"Julia Barnett",USA,5,"Steve Johnson"
"2024-09-28 00:00:00",1681,311,3226,"Battlestar Galactica, Pt. 1",1.99,1,1.99,20,"Sci Fi & Fantasy",28,"Julia Barnett",USA,5,"Steve Johnson"
"2024-09-28 00:00:00",1682,311,3230,"Lost Planet of the Gods, Pt. 2",1.99,1,1.99,20,"Sci Fi & Fantasy",28,"Julia Barnett",USA,5,"Steve Johnson"
"2024-09-28 00:00:00",1683,311,3234,"The Gun On Ice Planet Zero, Pt. 2",1.99,1,1.99,20,"Sci Fi & Fantasy",28,"Julia Barnett",USA,5,"Steve Johnson"
"2024-09-28 00:00:00",1684,311,3238,"The Living Legend, Pt. 2",1.99,1,1.99,20,"Sci Fi & Fantasy",28,"Julia Barnett",USA,5,"Steve Johnson"
"2024-10-01 00:00:00",1685,312,3244,"Greetings from Earth, Pt. 1",1.99,1,1.99,20,"Sci Fi & Fantasy",34,"João Fernandes",Portugal,4,"Margaret Park"
"2024-10-01 00:00:00",1686,312,3250,Pilot,1.99,1,1.99,19,"TV Shows",34,"João Fernandes",Portugal,4,"Margaret Park"
"2024-10-01 00:00:00",1687,312,3256,"Give Peace a Chance",0.99,1,0.99,9,Pop,34,"João Fernandes",Portugal,4,"Margaret Park"
"2024-10-01 00:00:00",1688,312,3262,Imagine,0.99,1,0.99,9,Pop,34,"João Fernandes",Portugal,4,"Margaret Park"
"2024-10-01 00:00:00",1689,312,3268,"Beautiful Boy",0.99,1,0.99,9,Pop,34,"João Fernandes",Portugal,4,"Margaret Park"
"2024-10-01 00:00:00",1690,312,3274,God,0.99,1,0.99,9,Pop,34,"João Fernandes",Portugal,4,"Margaret Park"
"2024-10-01 00:00:00",1691,312,3280,"War Pigs",0.99,1,0.99,1,Rock,34,"João Fernandes",Portugal,4,"Margaret Park"
"2024-10-01 00:00:00",1692,312,3286,"Iron Man/Children of the Grave",0.99,1,0.99,1,Rock,34,"João Fernandes",Portugal,4,"Margaret Park"
"2024-10-01 00:00:00",1693,312,3292,"Still Loving You",0.99,1,0.99,1,Rock,34,"João Fernandes",Portugal,4,"Margaret Park"
"2024-10-06 00:00:00",1694,313,3301,Salutations,0.99,1,0.99,17,"Hip Hop/Rap",43,"Isabelle Mercier",France,3,"Jane Peacock"
"2024-10-06 00:00:00",1695,313,3310,"Commercial 2",0.99,1,0.99,17,"Hip Hop/Rap",43,"Isabelle Mercier",France,3,"Jane Peacock"
"2024-10-06 00:00:00",1696,313,3319,"Instinto Colectivo",0.99,1,0.99,15,Electronica/Dance,43,"Isabelle Mercier",France,3,"Jane Peacock"
"2024-10-06 00:00:00",1697,313,3328,Armadura,0.99,1,0.99,15,Electronica/Dance,43,"Isabelle Mercier",France,3,"Jane Peacock"
"2024-10-06 00:00:00",1698,313,3337,"Past, Present, and Future",1.99,1,1.99,21,Drama,43,"Isabelle Mercier",France,3,"Jane Peacock"
"2024-10-06 00:00:00",1699,313,3346,"Ji Yeon",1.99,1,1.99,19,"TV Shows",43,"Isabelle Mercier",France,3,"Jane Peacock"
"2024-10-06 00:00:00",1700,313,3355,"Love Comes",0.99,1,0.99,1,Rock,43,"Isabelle Mercier",France,3,"Jane Peacock"
"2024-10-06 00:00:00",1701,313,3364,"There's No Place Like Home, Pt. 3",1.99,1,1.99,21,Drama,43,"Isabelle Mercier",France,3,"Jane Peacock"
"2024-10-06 00:00:00",1702,313,3373,"Four Walled World",0.99,1,0.99,23,Alternative,43,"Isabelle Mercier",France,3,"Jane Peacock"
"2024-10-06 00:00:00",1703,313,3382,"Billie Jean",0.99,1,0.99,23,Alternative,43,"Isabelle Mercier",France,3,"Jane Peacock"
"2024-10-06 00:00:00",1704,313,3391,"Sound of a Gun",0.99,1,0.99,23,Alternative,43,"Isabelle Mercier",France,3,"Jane Peacock"
"2024-10-06 00:00:00",1705,313,3400,Moth,0.99,1,0.99,23,Alternative,43,"Isabelle Mercier",France,3,"Jane Peacock"
"2024-10-06 00:00:00",1706,313,3409,"Suite for Solo Cello No. 1 in G Major, BWV 1007: I. Prélude",0.99,1,0.99,24,Classical,43,"Isabelle Mercier",France,3,"Jane Peacock"
"2024-10-06 00:00:00",1707,313,3418,"Die Walküre: The Ride of the Valkyries",0.99,1,0.99,24,Classical,43,"Isabelle Mercier",France,3,"Jane Peacock"
"2024-10-14 00:00:00",1708,314,3432,"Scheherazade, Op. 35: I. The Sea and Sindbad's Ship",0.99,1,0.99,24,Classical,57,"Luis Rojas",Chile,5,"Steve Johnson"
"2024-10-27 00:00:00",1709,315,3433,"Concerto No.2 in F Major, BWV1047, I. Allegro",0.99,1,0.99,24,Classical,58,"Manoj Pareek",India,3,"Jane Peacock"
"2024-10-27 00:00:00",1710,315,3434,"Concerto for Piano No. 2 in F Minor, Op. 21: II. Larghetto",0.99,1,0.99,24,Classical,58,"Manoj Pareek",India,3,"Jane Peacock"
"2024-10-27 00:00:00",1711,316,3436,"Karelia Suite, Op.11: 2. Ballade (Tempo Di Menuetto)",0.99,1,0.99,24,Classical,1,"Luís Gonçalves",Brazil,3,"Jane Peacock"
"2024-10-27 00:00:00",1712,316,3438,"Fantasia On Greensleeves",0.99,1,0.99,24,Classical,1,"Luís Gonçalves",Brazil,3,"Jane Peacock"
"2024-10-28 00:00:00",1713,317,3440,"Concerto for Cello and Orchestra in E minor, Op. 85: I. Adagio - Moderato",0.99,1,0.99,24,Classical,3,"François Tremblay",Canada,3,"Jane Peacock"
"2024-10-28 00:00:00",1714,317,3442,"Wellington's Victory or the Battle Symphony, Op.91: 2. Symphony of Triumph",0.99,1,0.99,24,Classical,3,"François Tremblay",Canada,3,"Jane Peacock"
"2024-10-28 00:00:00",1715,317,3444,"Romeo et Juliette: No. 11 - Danse des Chevaliers",0.99,1,0.99,24,Classical,3,"François Tremblay",Canada,3,"Jane Peacock"
"2024-10-28 00:00:00",1716,317,3446,"Symphonie Fantastique, Op. 14: V. Songe d'une nuit du sabbat",0.99,1,0.99,24,Classical,3,"François Tremblay",Canada,3,"Jane Peacock"
"2024-10-29 00:00:00",1717,318,3450,"Peer Gynt Suite No.1, Op.46: 1. Morning Mood",0.99,1,0.99,24,Classical,7,"Astrid Gruber",Austria,5,"Steve Johnson"
"2024-10-29 00:00:00",1718,318,3454,"Symphony No. 41 in C Major, K. 551, ""Jupiter"": IV. Molto allegro",0.99,1,0.99,24,Classical,7,"Astrid Gruber",Austria,5,"Steve Johnson"
"2024-10-29 00:00:00",1719,318,3458,"Just Friends",0.99,1,0.99,14,R&B/Soul,7,"Astrid Gruber",Austria,5,"Steve Johnson"
"2024-10-29 00:00:00",1720,318,3462,"Wake Up Alone",0.99,1,0.99,14,R&B/Soul,7,"Astrid Gruber",Austria,5,"Steve Johnson"
"2024-10-29 00:00:00",1721,318,3466,"Rehab (Hot Chip Remix)",0.99,1,0.99,14,R&B/Soul,7,"Astrid Gruber",Austria,5,"Steve Johnson"
"2024-10-29 00:00:00",1722,318,3470,"I Heard Love Is Blind",0.99,1,0.99,9,Pop,7,"Astrid Gruber",Austria,5,"Steve Johnson"
"2024-11-01 00:00:00",1723,319,3476,"Help Yourself",0.99,1,0.99,9,Pop,13,"Fernanda Ramos",Brazil,4,"Margaret Park"
"2024-11-01 00:00:00",1724,319,3482,"Suite No. 3 in D, BWV 1068: III. Gavotte I & II",0.99,1,0.99,24,Classical,13,"Fernanda Ramos",Brazil,4,"Margaret Park"
"2024-11-01 00:00:00",1725,319,3488,"Music for the Funeral of Queen Mary: VI. ""Thou Knowest, Lord, the Secrets of Our Hearts""",0.99,1,0.99,24,Classical,13,"Fernanda Ramos",Brazil,4,"Margaret Park"
"2024-11-01 00:00:00",1726,319,3494,"Symphony No. 2, Op. 16 -  ""The Four Temperaments"": II. Allegro Comodo e Flemmatico",0.99,1,0.99,24,Classical,13,"Fernanda Ramos",Brazil,4,"Margaret Park"
"2024-11-01 00:00:00",1727,319,3500,"String Quartet No. 12 in C Minor, D. 703 ""Quartettsatz"": II. Andante - Allegro assai",0.99,1,0.99,24,Classical,13,"Fernanda Ramos",Brazil,4,"Margaret Park"
"2024-11-01 00:00:00",1728,319,3,"Fast As a Shark",0.99,1,0.99,1,Rock,13,"Fernanda Ramos",Brazil,4,"Margaret Park"
"2024-11-01 00:00:00",1729,319,9,Snowballed,0.99,1,0.99,1,Rock,13,"Fernanda Ramos",Brazil,4,"Margaret Park"
"2024-11-01 00:00:00",1730,319,15,"Go Down",0.99,1,0.99,1,Rock,13,"Fernanda Ramos",Brazil,4,"Margaret Park"
"2024-11-01 00:00:00",1731,319,21,"Hell Ain't A Bad Place To Be",0.99,1,0.99,1,Rock,13,"Fernanda Ramos",Brazil,4,"Margaret Park"
"2024-11-06 00:00:00",1732,320,30,Amazing,0.99,1,0.99,1,Rock,22,"Heather Leacock",USA,4,"Margaret Park"
"2024-11-06 00:00:00",1733,320,39,"You Oughta Know",0.99,1,0.99,1,Rock,22,"Heather Leacock",USA,4,"Margaret Park"
"2024-11-06 00:00:00",1734,320,48,"Not The Doctor",0.99,1,0.99,1,Rock,22,"Heather Leacock",USA,4,"Margaret Park"
"2024-11-06 00:00:00",1735,320,57,"It Ain't Like That",0.99,1,0.99,1,Rock,22,"Heather Leacock",USA,4,"Margaret Park"
"2024-11-06 00:00:00",1736,320,66,"Por Causa De Você",0.99,1,0.99,2,Jazz,22,"Heather Leacock",USA,4,"Margaret Park"
"2024-11-06 00:00:00",1737,320,75,"O Boto (Bôto)",0.99,1,0.99,2,Jazz,22,"Heather Leacock",USA,4,"Margaret Park"
"2024-11-06 00:00:00",1738,320,84,"Welcome Home (Sanitarium)",0.99,1,0.99,3,Metal,22,"Heather Leacock",USA,4,"Margaret Park"
"2024-11-06 00:00:00",1739,320,93,Exploder,0.99,1,0.99,1,Rock,22,"Heather Leacock",USA,4,"Margaret Park"
"2024-11-06 00:00:00",1740,320,102,"Doesn't Remind Me",0.99,1,0.99,4,"Alternative & Punk",22,"Heather Leacock",USA,4,"Margaret Park"
"2024-11-06 00:00:00",1741,320,111,Money,0.99,1,0.99,5,"Rock And Roll",22,"Heather Leacock",USA,4,"Margaret Park"
"2024-11-06 00:00:00",1742,320,120,Carol,0.99,1,0.99,5,"Rock And Roll",22,"Heather Leacock",USA,4,"Margaret Park"
"2024-11-06 00:00:00",1743,320,129,Solo-Panhandler,0.99,1,0.99,2,Jazz,22,"Heather Leacock",USA,4,"Margaret Park"
"2024-11-06 00:00:00",1744,320,138,"Bored To Tears",0.99,1,0.99,3,Metal,22,"Heather Leacock",USA,4,"Margaret Park"
"2024-11-06 00:00:00",1745,320,147,"Blood In The Wall",0.99,1,0.99,3,Metal,22,"Heather Leacock",USA,4,"Margaret Park"
"2024-11-14 00:00:00",1746,321,161,Snowblind,0.99,1,0.99,3,Metal,36,"Hannah Schneider",Germany,5,"Steve Johnson"
"2024-11-27 00:00:00",1747,322,162,Cornucopia,0.99,1,0.99,3,Metal,37,"Fynn Zimmermann",Germany,3,"Jane Peacock"
"2024-11-27 00:00:00",1748,322,163,"Laguna Sunrise",0.99,1,0.99,3,Metal,37,"Fynn Zimmermann",Germany,3,"Jane Peacock"
"2024-11-27 00:00:00",1749,323,165,"Under The Sun/Every Day Comes and Goes",0.99,1,0.99,3,Metal,39,"Camille Bernard",France,4,"Margaret Park"
"2024-11-27 00:00:00",1750,323,167,"Body Count's In The House",0.99,1,0.99,4,"Alternative & Punk",39,"Camille Bernard",France,4,"Margaret Park"
"2024-11-28 00:00:00",1751,324,169,"Body Count",0.99,1,0.99,4,"Alternative & Punk",41,"Marc Dubois",France,5,"Steve Johnson"
"2024-11-28 00:00:00",1752,324,171,"Bowels Of The Devil",0.99,1,0.99,4,"Alternative & Punk",41,"Marc Dubois",France,5,"Steve Johnson"
"2024-11-28 00:00:00",1753,324,173,"KKK Bitch",0.99,1,0.99,4,"Alternative & Punk",41,"Marc Dubois",France,5,"Steve Johnson"
"2024-11-28 00:00:00",1754,324,175,Voodoo,0.99,1,0.99,4,"Alternative & Punk",41,"Marc Dubois",France,5,"Steve Johnson"
"2024-11-29 00:00:00",1755,325,179,"Evil Dick",0.99,1,0.99,4,"Alternative & Punk",45,"Ladislav Kovács",Hungary,3,"Jane Peacock"
"2024-11-29 00:00:00",1756,325,183,"King In Crimson",0.99,1,0.99,3,Metal,45,"Ladislav Kovács",Hungary,3,"Jane Peacock"
"2024-11-29 00:00:00",1757,325,187,"Book Of Thel",0.99,1,0.99,3,Metal,45,"Ladislav Kovács",Hungary,3,"Jane Peacock"
"2024-11-29 00:00:00",1758,325,191,"Machine Men",0.99,1,0.99,3,Metal,45,"Ladislav Kovács",Hungary,3,"Jane Peacock"
"2024-11-29 00:00:00",1759,325,195,"Let Me Love You Baby",0.99,1,0.99,6,Blues,45,"Ladislav Kovács",Hungary,3,"Jane Peacock"
"2024-11-29 00:00:00",1760,325,199,"Leave My Girl Alone",0.99,1,0.99,6,Blues,45,"Ladislav Kovács",Hungary,3,"Jane Peacock"
"2024-12-02 00:00:00",1761,326,205,"Jorge Da Capadócia",0.99,1,0.99,7,Latin,51,"Joakim Johansson",Sweden,5,"Steve Johnson"
"2024-12-02 00:00:00",1762,326,211,"Bem Devagar",0.99,1,0.99,7,Latin,51,"Joakim Johansson",Sweden,5,"Steve Johnson"
"2024-12-02 00:00:00",1763,326,217,Mel,0.99,1,0.99,7,Latin,51,"Joakim Johansson",Sweden,5,"Steve Johnson"
"2024-12-02 00:00:00",1764,326,223,"Sozinho (Hitmakers Classic Mix)",0.99,1,0.99,7,Latin,51,"Joakim Johansson",Sweden,5,"Steve Johnson"
"2024-12-02 00:00:00",1765,326,229,"Samba De Orly",0.99,1,0.99,7,Latin,51,"Joakim Johansson",Sweden,5,"Steve Johnson"
"2024-12-02 00:00:00",1766,326,235,"Apesar De Você",0.99,1,0.99,7,Latin,51,"Joakim Johansson",Sweden,5,"Steve Johnson"
"2024-12-02 00:00:00",1767,326,241,"Geni E O Zepelim",0.99,1,0.99,7,Latin,51,"Joakim Johansson",Sweden,5,"Steve Johnson"
"2024-12-02 00:00:00",1768,326,247,"O Cidadão Do Mundo",0.99,1,0.99,7,Latin,51,"Joakim Johansson",Sweden,5,"Steve Johnson"
"2024-12-02 00:00:00",1769,326,253,"Maracatu Atômico",0.99,1,0.99,7,Latin,51,"Joakim Johansson",Sweden,5,"Steve Johnson"
"2024-12-07 00:00:00",1770,327,262,"Interlude Zumbi",0.99,1,0.99,7,Latin,1,"Luís Gonçalves",Brazil,3,"Jane Peacock"
"2024-12-07 00:00:00",1771,327,271,"Rios Pontes & Overdrives",0.99,1,0.99,7,Latin,1,"Luís Gonçalves",Brazil,3,"Jane Peacock"
"2024-12-07 00:00:00",1772,327,280,"Lixo Do Mangue",0.99,1,0.99,7,Latin,1,"Luís Gonçalves",Brazil,3,"Jane Peacock"
"2024-12-07 00:00:00",1773,327,289,"Podes Crer",0.99,1,0.99,8,Reggae,1,"Luís Gonçalves",Brazil,3,"Jane Peacock"
"2024-12-07 00:00:00",1774,327,298,"A Cor Do Sol",0.99,1,0.99,8,Reggae,1,"Luís Gonçalves",Brazil,3,"Jane Peacock"
"2024-12-07 00:00:00",1775,327,307,Doutor,0.99,1,0.99,8,Reggae,1,"Luís Gonçalves",Brazil,3,"Jane Peacock"
"2024-12-07 00:00:00",1776,327,316,"Linha Do Equador",0.99,1,0.99,7,Latin,1,"Luís Gonçalves",Brazil,3,"Jane Peacock"
"2024-12-07 00:00:00",1777,327,325,TriboTchan,0.99,1,0.99,9,Pop,1,"Luís Gonçalves",Brazil,3,"Jane Peacock"
"2024-12-07 00:00:00",1778,327,334,"Reggae Tchan",0.99,1,0.99,9,Pop,1,"Luís Gonçalves",Brazil,3,"Jane Peacock"
"2024-12-07 00:00:00",1779,327,343,"Communication Breakdown(2)",0.99,1,0.99,1,Rock,1,"Luís Gonçalves",Brazil,3,"Jane Peacock"
"2024-12-07 00:00:00",1780,327,352,"Carolina Hard-Core Ecstasy",0.99,1,0.99,1,Rock,1,"Luís Gonçalves",Brazil,3,"Jane Peacock"
"2024-12-07 00:00:00",1781,327,361,"X-9 2001",0.99,1,0.99,10,Soundtrack,1,"Luís Gonçalves",Brazil,3,"Jane Peacock"
"2024-12-07 00:00:00",1782,327,370,"Ipiranga 2001",0.99,1,0.99,10,Soundtrack,1,"Luís Gonçalves",Brazil,3,"Jane Peacock"
"2024-12-07 00:00:00",1783,327,379,"Água de Beber",0.99,1,0.99,7,Latin,1,"Luís Gonçalves",Brazil,3,"Jane Peacock"
"2024-12-15 00:00:00",1784,328,393,"Tarde Em Itapoã",0.99,1,0.99,7,Latin,15,"Jennifer Peterson",Canada,3,"Jane Peacock"
"2024-12-28 00:00:00",1785,329,394,"Tanto Tempo",0.99,1,0.99,7,Latin,16,"Frank Harris",USA,4,"Margaret Park"
"2024-12-28 00:00:00",1786,329,395,"Eu Vim Da Bahia - Live",0.99,1,0.99,7,Latin,16,"Frank Harris",USA,4,"Margaret Park"
"2024-12-28 00:00:00",1787,330,397,"Linha Do Horizonte",0.99,1,0.99,7,Latin,18,"Michelle Brooks",USA,3,"Jane Peacock"
"2024-12-28 00:00:00",1788,330,399,"Abrir A Porta",0.99,1,0.99,7,Latin,18,"Michelle Brooks",USA,3,"Jane Peacock"
"2024-12-29 00:00:00",1789,331,401,"Momentos Que Marcam",0.99,1,0.99,7,Latin,20,"Dan Miller",USA,4,"Margaret Park"
"2024-12-29 00:00:00",1790,331,403,"Bumbo Da Mangueira",0.99,1,0.99,7,Latin,20,"Dan Miller",USA,4,"Margaret Park"
"2024-12-29 00:00:00",1791,331,405,"Santo Antonio",0.99,1,0.99,7,Latin,20,"Dan Miller",USA,4,"Margaret Park"
"2024-12-29 00:00:00",1792,331,407,"Só Tinha De Ser Com Você",0.99,1,0.99,7,Latin,20,"Dan Miller",USA,4,"Margaret Park"
"2024-12-30 00:00:00",1793,332,411,"Turn The Page",0.99,1,0.99,3,Metal,24,"Frank Ralston",USA,3,"Jane Peacock"
"2024-12-30 00:00:00",1794,332,415,Astronomy,0.99,1,0.99,3,Metal,24,"Frank Ralston",USA,3,"Jane Peacock"
"2024-12-30 00:00:00",1795,332,419,"A Kind Of Magic",0.99,1,0.99,1,Rock,24,"Frank Ralston",USA,3,"Jane Peacock"
"2024-12-30 00:00:00",1796,332,423,"I Want To Break Free",0.99,1,0.99,1,Rock,24,"Frank Ralston",USA,3,"Jane Peacock"
"2024-12-30 00:00:00",1797,332,427,"Who Wants To Live Forever",0.99,1,0.99,1,Rock,24,"Frank Ralston",USA,3,"Jane Peacock"
"2024-12-30 00:00:00",1798,332,431,"The Invisible Man",0.99,1,0.99,1,Rock,24,"Frank Ralston",USA,3,"Jane Peacock"
"2025-01-02 00:00:00",1799,333,437,"Black Diamond",0.99,1,0.99,1,Rock,30,"Edward Francis",Canada,3,"Jane Peacock"
"2025-01-02 00:00:00",1800,333,443,"Shock Me",0.99,1,0.99,1,Rock,30,"Edward Francis",Canada,3,"Jane Peacock"
"2025-01-02 00:00:00",1801,333,449,"Calling Dr. Love",0.99,1,0.99,1,Rock,30,"Edward Francis",Canada,3,"Jane Peacock"
"2025-01-02 00:00:00",1802,333,455,"God Gave Rock 'n' Roll To You",0.99,1,0.99,1,Rock,30,"Edward Francis",Canada,3,"Jane Peacock"
"2025-01-02 00:00:00",1803,333,461,Surrender,0.99,1,0.99,2,Jazz,30,"Edward Francis",Canada,3,"Jane Peacock"
"2025-01-02 00:00:00",1804,333,467,"Best Thing",0.99,1,0.99,2,Jazz,30,"Edward Francis",Canada,3,"Jane Peacock"
"2025-01-02 00:00:00",1805,333,473,"When I Come Around",0.99,1,0.99,4,"Alternative & Punk",30,"Edward Francis",Canada,3,"Jane Peacock"
"2025-01-02 00:00:00",1806,333,479,"Walking Contradiction",0.99,1,0.99,4,"Alternative & Punk",30,"Edward Francis",Canada,3,"Jane Peacock"
"2025-01-02 00:00:00",1807,333,485,Minority,0.99,1,0.99,4,"Alternative & Punk",30,"Edward Francis",Canada,3,"Jane Peacock"
"2025-01-07 00:00:00",1808,334,494,Slave,0.99,1,0.99,1,Rock,39,"Camille Bernard",France,4,"Margaret Park"
"2025-01-07 00:00:00",1809,334,503,"Começaria Tudo Outra Vez",0.99,1,0.99,7,Latin,39,"Camille Bernard",France,4,"Margaret Park"
"2025-01-07 00:00:00",1810,334,512,"Comportamento Geral",0.99,1,0.99,7,Latin,39,"Camille Bernard",France,4,"Margaret Park"
"2025-01-07 00:00:00",1811,334,521,"Menino Do Rio",0.99,1,0.99,7,Latin,39,"Camille Bernard",France,4,"Margaret Park"
"2025-01-07 00:00:00",1812,334,530,"Ando Meio Desligado",0.99,1,0.99,4,"Alternative & Punk",39,"Camille Bernard",France,4,"Margaret Park"
"2025-01-07 00:00:00",1813,334,539,"Rita Lee",0.99,1,0.99,4,"Alternative & Punk",39,"Camille Bernard",France,4,"Margaret Park"
"2025-01-07 00:00:00",1814,334,548,"Smoke On The Water",0.99,1,0.99,1,Rock,39,"Camille Bernard",France,4,"Margaret Park"
"2025-01-07 00:00:00",1815,334,557,Beija-Flor,0.99,1,0.99,7,Latin,39,"Camille Bernard",France,4,"Margaret Park"
"2025-01-07 00:00:00",1816,334,566,Caprichosos,0.99,1,0.99,7,Latin,39,"Camille Bernard",France,4,"Margaret Park"
"2025-01-07 00:00:00",1817,334,575,"Do You Like The Way",0.99,1,0.99,1,Rock,39,"Camille Bernard",France,4,"Margaret Park"
"2025-01-07 00:00:00",1818,334,584,Manuel,0.99,1,0.99,7,Latin,39,"Camille Bernard",France,4,"Margaret Park"
"2025-01-07 00:00:00",1819,334,593,"Do You Have Other Loves?",0.99,1,0.99,7,Latin,39,"Camille Bernard",France,4,"Margaret Park"
"2025-01-07 00:00:00",1820,334,602,"'Round Midnight",0.99,1,0.99,2,Jazz,39,"Camille Bernard",France,4,"Margaret Park"
"2025-01-07 00:00:00",1821,334,611,E.S.P.,0.99,1,0.99,2,Jazz,39,"Camille Bernard",France,4,"Margaret Park"
"2025-01-15 00:00:00",1822,335,625,"Blue Rythm Fantasy",0.99,1,0.99,2,Jazz,53,"Phil Hughes","United Kingdom",3,"Jane Peacock"
"2025-01-28 00:00:00",1823,336,626,"Drum Boogie",0.99,1,0.99,2,Jazz,54,"Steve Murray","United Kingdom",5,"Steve Johnson"
"2025-01-28 00:00:00",1824,336,627,"Let Me Off Uptown",0.99,1,0.99,2,Jazz,54,"Steve Murray","United Kingdom",5,"Steve Johnson"
"2025-01-28 00:00:00",1825,337,629,"Opus No.1",0.99,1,0.99,2,Jazz,56,"Diego Gutiérrez",Argentina,4,"Margaret Park"
"2025-01-28 00:00:00",1826,337,631,"How High The Moon",0.99,1,0.99,2,Jazz,56,"Diego Gutiérrez",Argentina,4,"Margaret Park"
"2025-01-29 00:00:00",1827,338,633,"Up An' Atom",0.99,1,0.99,2,Jazz,58,"Manoj Pareek",India,3,"Jane Peacock"
"2025-01-29 00:00:00",1828,338,635,"Lemon Drop",0.99,1,0.99,2,Jazz,58,"Manoj Pareek",India,3,"Jane Peacock"
"2025-01-29 00:00:00",1829,338,637,Overtime,0.99,1,0.99,2,Jazz,58,"Manoj Pareek",India,3,"Jane Peacock"
"2025-01-29 00:00:00",1830,338,639,"Don't Take Your Love From Me",0.99,1,0.99,2,Jazz,58,"Manoj Pareek",India,3,"Jane Peacock"
"2025-01-30 00:00:00",1831,339,643,"Jungle Drums",0.99,1,0.99,2,Jazz,3,"François Tremblay",Canada,3,"Jane Peacock"
"2025-01-30 00:00:00",1832,339,647,"Pot-Pourri N.º 4",0.99,1,0.99,11,"Bossa Nova",3,"François Tremblay",Canada,3,"Jane Peacock"
"2025-01-30 00:00:00",1833,339,651,"Pot-Pourri N.º 5",0.99,1,0.99,11,"Bossa Nova",3,"François Tremblay",Canada,3,"Jane Peacock"
"2025-01-30 00:00:00",1834,339,655,"Por Que Será",0.99,1,0.99,11,"Bossa Nova",3,"François Tremblay",Canada,3,"Jane Peacock"
"2025-01-30 00:00:00",1835,339,659,"Samba Em Prelúdio",0.99,1,0.99,11,"Bossa Nova",3,"François Tremblay",Canada,3,"Jane Peacock"
"2025-01-30 00:00:00",1836,339,663,"Chão de Giz (Elba Ramalho)",0.99,1,0.99,7,Latin,3,"François Tremblay",Canada,3,"Jane Peacock"
"2025-02-02 00:00:00",1837,340,669,"Caçador de Mim (Sá & Guarabyra)",0.99,1,0.99,7,Latin,9,"Kara Nielsen",Denmark,4,"Margaret Park"
"2025-02-02 00:00:00",1838,340,675,"Susie Q",0.99,1,0.99,1,Rock,9,"Kara Nielsen",Denmark,4,"Margaret Park"
"2025-02-02 00:00:00",1839,340,681,Commotion,0.99,1,0.99,1,Rock,9,"Kara Nielsen",Denmark,4,"Margaret Park"
"2025-02-02 00:00:00",1840,340,687,"Run Through The Jungle",0.99,1,0.99,1,Rock,9,"Kara Nielsen",Denmark,4,"Margaret Park"
"2025-02-02 00:00:00",1841,340,693,"Sweet Hitch-Hiker",0.99,1,0.99,1,Rock,9,"Kara Nielsen",Denmark,4,"Margaret Park"
"2025-02-02 00:00:00",1842,340,699,"Tombstone Shadow",0.99,1,0.99,1,Rock,9,"Kara Nielsen",Denmark,4,"Margaret Park"
"2025-02-02 00:00:00",1843,340,705,"The Midnight Special",0.99,1,0.99,1,Rock,9,"Kara Nielsen",Denmark,4,"Margaret Park"
"2025-02-02 00:00:00",1844,340,711,Molina,0.99,1,0.99,1,Rock,9,"Kara Nielsen",Denmark,4,"Margaret Park"
"2025-02-02 00:00:00",1845,340,717,"Eu Sou Neguinha (Ao Vivo)",0.99,1,0.99,7,Latin,9,"Kara Nielsen",Denmark,4,"Margaret Park"
"2025-02-07 00:00:00",1846,341,726,"Palavras Ao Vento",0.99,1,0.99,7,Latin,18,"Michelle Brooks",USA,3,"Jane Peacock"
"2025-02-07 00:00:00",1847,341,735,"Metrô. Linha 743",0.99,1,0.99,7,Latin,18,"Michelle Brooks",USA,3,"Jane Peacock"
"2025-02-07 00:00:00",1848,341,744,"Mis Penas Lloraba Yo (Ao Vivo) Soy Gitano (Tangos)",0.99,1,0.99,7,Latin,18,"Michelle Brooks",USA,3,"Jane Peacock"
"2025-02-07 00:00:00",1849,341,753,"You Keep On Moving",0.99,1,0.99,1,Rock,18,"Michelle Brooks",USA,3,"Jane Peacock"
"2025-02-07 00:00:00",1850,341,762,"No No No",0.99,1,0.99,1,Rock,18,"Michelle Brooks",USA,3,"Jane Peacock"
"2025-02-07 00:00:00",1851,341,771,"Nobody's Home",0.99,1,0.99,1,Rock,18,"Michelle Brooks",USA,3,"Jane Peacock"
"2025-02-07 00:00:00",1852,341,780,"Maybe I'm A Leo",0.99,1,0.99,1,Rock,18,"Michelle Brooks",USA,3,"Jane Peacock"
"2025-02-07 00:00:00",1853,341,789,"Sometimes I Feel Like Screaming",0.99,1,0.99,1,Rock,18,"Michelle Brooks",USA,3,"Jane Peacock"
"2025-02-07 00:00:00",1854,341,798,"King Of Dreams",0.99,1,0.99,1,Rock,18,"Michelle Brooks",USA,3,"Jane Peacock"
"2025-02-07 00:00:00",1855,341,807,Stormbringer,0.99,1,0.99,1,Rock,18,"Michelle Brooks",USA,3,"Jane Peacock"
"2025-02-07 00:00:00",1856,341,816,"The Battle Rages On",0.99,1,0.99,1,Rock,18,"Michelle Brooks",USA,3,"Jane Peacock"
"2025-02-07 00:00:00",1857,341,825,"One Man's Meat",0.99,1,0.99,1,Rock,18,"Michelle Brooks",USA,3,"Jane Peacock"
"2025-02-07 00:00:00",1858,341,834,"When Love & Hate Collide",0.99,1,0.99,1,Rock,18,"Michelle Brooks",USA,3,"Jane Peacock"
"2025-02-07 00:00:00",1859,341,843,Otay,0.99,1,0.99,2,Jazz,18,"Michelle Brooks",USA,3,"Jane Peacock"
"2025-02-15 00:00:00",1860,342,857,Álibi,0.99,1,0.99,7,Latin,32,"Aaron Mitchell",Canada,4,"Margaret Park"
"2025-02-28 00:00:00",1861,343,858,Esquinas,0.99,1,0.99,7,Latin,33,"Ellie Sullivan",Canada,3,"Jane Peacock"
"2025-02-28 00:00:00",1862,343,859,Se...,0.99,1,0.99,7,Latin,33,"Ellie Sullivan",Canada,3,"Jane Peacock"
"2025-02-28 00:00:00",1863,344,861,Lilás,0.99,1,0.99,7,Latin,35,"Madalena Sampaio",Portugal,4,"Margaret Park"
"2025-02-28 00:00:00",1864,344,863,"Um Amor Puro",0.99,1,0.99,7,Latin,35,"Madalena Sampaio",Portugal,4,"Margaret Park"
"2025-03-01 00:00:00",1865,345,865,"Nem Um Dia",0.99,1,0.99,7,Latin,37,"Fynn Zimmermann",Germany,3,"Jane Peacock"
"2025-03-01 00:00:00",1866,345,867,Açai,0.99,1,0.99,7,Latin,37,"Fynn Zimmermann",Germany,3,"Jane Peacock"
"2025-03-01 00:00:00",1867,345,869,"Flor De Lis",0.99,1,0.99,7,Latin,37,"Fynn Zimmermann",Germany,3,"Jane Peacock"
"2025-03-01 00:00:00",1868,345,871,Azul,0.99,1,0.99,7,Latin,37,"Fynn Zimmermann",Germany,3,"Jane Peacock"
"2025-03-02 00:00:00",1869,346,875,Acelerou,0.99,1,0.99,7,Latin,41,"Marc Dubois",France,5,"Steve Johnson"
"2025-03-02 00:00:00",1870,346,879,"Atrás da Porta",0.99,1,0.99,7,Latin,41,"Marc Dubois",France,5,"Steve Johnson"
"2025-03-02 00:00:00",1871,346,883,"Alô, Alô, Marciano",0.99,1,0.99,7,Latin,41,"Marc Dubois",France,5,"Steve Johnson"
"2025-03-02 00:00:00",1872,346,887,"As Aparências Enganam",0.99,1,0.99,7,Latin,41,"Marc Dubois",France,5,"Steve Johnson"
"2025-03-02 00:00:00",1873,346,891,Layla,0.99,1,0.99,6,Blues,41,"Marc Dubois",France,5,"Steve Johnson"
"2025-03-02 00:00:00",1874,346,895,Crossroads,0.99,1,0.99,6,Blues,41,"Marc Dubois",France,5,"Steve Johnson"
"2025-03-05 00:00:00",1875,347,901,"After Midnight",0.99,1,0.99,6,Blues,47,"Lucas Mancini",Italy,5,"Steve Johnson"
"2025-03-05 00:00:00",1876,347,907,Promises,0.99,1,0.99,6,Blues,47,"Lucas Mancini",Italy,5,"Steve Johnson"
"2025-03-05 00:00:00",1877,347,913,"Lonely Stranger",0.99,1,0.99,6,Blues,47,"Lucas Mancini",Italy,5,"Steve Johnson"
"2025-03-05 00:00:00",1878,347,919,"San Francisco Bay Blues",0.99,1,0.99,6,Blues,47,"Lucas Mancini",Italy,5,"Steve Johnson"
"2025-03-05 00:00:00",1879,347,925,"Last Cup Of Sorrow",0.99,1,0.99,4,"Alternative & Punk",47,"Lucas Mancini",Italy,5,"Steve Johnson"
"2025-03-05 00:00:00",1880,347,931,"Got That Feeling",0.99,1,0.99,4,"Alternative & Punk",47,"Lucas Mancini",Italy,5,"Steve Johnson"
"2025-03-05 00:00:00",1881,347,937,"Midlife Crisis",0.99,1,0.99,4,"Alternative & Punk",47,"Lucas Mancini",Italy,5,"Steve Johnson"
"2025-03-05 00:00:00",1882,347,943,"Be Aggressive",0.99,1,0.99,4,"Alternative & Punk",47,"Lucas Mancini",Italy,5,"Steve Johnson"
"2025-03-05 00:00:00",1883,347,949,"Get Out",0.99,1,0.99,1,Rock,47,"Lucas Mancini",Italy,5,"Steve Johnson"
"2025-03-10 00:00:00",1884,348,958,"Take This Bottle",0.99,1,0.99,1,Rock,56,"Diego Gutiérrez",Argentina,4,"Margaret Park"
"2025-03-10 00:00:00",1885,348,967,"Surprise! You're Dead!",0.99,1,0.99,4,"Alternative & Punk",56,"Diego Gutiérrez",Argentina,4,"Margaret Park"
"2025-03-10 00:00:00",1886,348,976,"Falamansa Song",0.99,1,0.99,7,Latin,56,"Diego Gutiérrez",Argentina,4,"Margaret Park"
"2025-03-10 00:00:00",1887,348,985,"Medo De Escuro",0.99,1,0.99,7,Latin,56,"Diego Gutiérrez",Argentina,4,"Margaret Park"
"2025-03-10 00:00:00",1888,348,994,"The Last Song",0.99,1,0.99,1,Rock,56,"Diego Gutiérrez",Argentina,4,"Margaret Park"
"2025-03-10 00:00:00",1889,348,1003,"Friend Of A Friend",0.99,1,0.99,1,Rock,56,"Diego Gutiérrez",Argentina,4,"Margaret Park"
"2025-03-10 00:00:00",1890,348,1012,"Times Like These",0.99,1,0.99,4,"Alternative & Punk",56,"Diego Gutiérrez",Argentina,4,"Margaret Park"
"2025-03-10 00:00:00",1891,348,1021,"Monkey Wrench",0.99,1,0.99,1,Rock,56,"Diego Gutiérrez",Argentina,4,"Margaret Park"
"2025-03-10 00:00:00",1892,348,1030,Everlong,0.99,1,0.99,1,Rock,56,"Diego Gutiérrez",Argentina,4,"Margaret Park"
"2025-03-10 00:00:00",1893,348,1039,"What Now My Love",0.99,1,0.99,12,"Easy Listening",56,"Diego Gutiérrez",Argentina,4,"Margaret Park"
"2025-03-10 00:00:00",1894,348,1048,"It Was A Very Good Year",0.99,1,0.99,12,"Easy Listening",56,"Diego Gutiérrez",Argentina,4,"Margaret Park"
"2025-03-10 00:00:00",1895,348,1057,"Entrando Na Sua (Intro)",0.99,1,0.99,7,Latin,56,"Diego Gutiérrez",Argentina,4,"Margaret Park"
"2025-03-10 00:00:00",1896,348,1066,Dujji,0.99,1,0.99,7,Latin,56,"Diego Gutiérrez",Argentina,4,"Margaret Park"
"2025-03-10 00:00:00",1897,348,1075,"Esperando Na Janela",0.99,1,0.99,10,Soundtrack,56,"Diego Gutiérrez",Argentina,4,"Margaret Park"
"2025-03-18 00:00:00",1898,349,1089,"Is This Love (Live)",0.99,1,0.99,7,Latin,11,"Alexandre Rocha",Brazil,5,"Steve Johnson"
"2025-03-31 00:00:00",1899,350,1090,"Stir It Up (Live)",0.99,1,0.99,7,Latin,12,"Roberto Almeida",Brazil,3,"Jane Peacock"
"2025-03-31 00:00:00",1900,350,1091,"Refavela (Live)",0.99,1,0.99,7,Latin,12,"Roberto Almeida",Brazil,3,"Jane Peacock"
"2025-03-31 00:00:00",1901,351,1093,"Quanta (Live)",0.99,1,0.99,7,Latin,14,"Mark Philips",Canada,5,"Steve Johnson"
"2025-03-31 00:00:00",1902,351,1095,"Pela Internet (Live)",0.99,1,0.99,7,Latin,14,"Mark Philips",Canada,5,"Steve Johnson"
"2025-04-01 00:00:00",1903,352,1097,"Opachorô (Live)",0.99,1,0.99,7,Latin,16,"Frank Harris",USA,4,"Margaret Park"
"2025-04-01 00:00:00",1904,352,1099,"A Novidade (Live)",0.99,1,0.99,7,Latin,16,"Frank Harris",USA,4,"Margaret Park"
"2025-04-01 00:00:00",1905,352,1101,"De Ouro E Marfim (Live)",0.99,1,0.99,7,Latin,16,"Frank Harris",USA,4,"Margaret Park"
"2025-04-01 00:00:00",1906,352,1103,"Lamento De Carnaval",0.99,1,0.99,2,Jazz,16,"Frank Harris",USA,4,"Margaret Park"
"2025-04-02 00:00:00",1907,353,1107,Refazenda,0.99,1,0.99,7,Latin,20,"Dan Miller",USA,4,"Margaret Park"
"2025-04-02 00:00:00",1908,353,1111,"A Paz",0.99,1,0.99,7,Latin,20,"Dan Miller",USA,4,"Margaret Park"
"2025-04-02 00:00:00",1909,353,1115,"Tempo Rei",0.99,1,0.99,7,Latin,20,"Dan Miller",USA,4,"Margaret Park"
"2025-04-02 00:00:00",1910,353,1119,"Toda Menina Baiana",0.99,1,0.99,7,Latin,20,"Dan Miller",USA,4,"Margaret Park"
"2025-04-02 00:00:00",1911,353,1123,Changes,0.99,1,0.99,3,Metal,20,"Dan Miller",USA,4,"Margaret Park"
"2025-04-02 00:00:00",1912,353,1127,"I Fucking Hate You",0.99,1,0.99,3,Metal,20,"Dan Miller",USA,4,"Margaret Park"
"2025-04-05 00:00:00",1913,354,1133,"American Idiot",0.99,1,0.99,4,"Alternative & Punk",26,"Richard Cunningham",USA,4,"Margaret Park"
"2025-04-05 00:00:00",1914,354,1139,"Give Me Novacaine",0.99,1,0.99,4,"Alternative & Punk",26,"Richard Cunningham",USA,4,"Margaret Park"
"2025-04-05 00:00:00",1915,354,1145,Whatsername,0.99,1,0.99,4,"Alternative & Punk",26,"Richard Cunningham",USA,4,"Margaret Park"
"2025-04-05 00:00:00",1916,354,1151,"Paradise City",0.99,1,0.99,1,Rock,26,"Richard Cunningham",USA,4,"Margaret Park"
"2025-04-05 00:00:00",1917,354,1157,"Rocket Queen",0.99,1,0.99,1,Rock,26,"Richard Cunningham",USA,4,"Margaret Park"
"2025-04-05 00:00:00",1918,354,1163,"You Ain't the First",0.99,1,0.99,1,Rock,26,"Richard Cunningham",USA,4,"Margaret Park"
"2025-04-05 00:00:00",1919,354,1169,"Garden of Eden",0.99,1,0.99,1,Rock,26,"Richard Cunningham",USA,4,"Margaret Park"
"2025-04-05 00:00:00",1920,354,1175,"14 Years",0.99,1,0.99,3,Metal,26,"Richard Cunningham",USA,4,"Margaret Park"
"2025-04-05 00:00:00",1921,354,1181,"Pretty Tied Up",0.99,1,0.99,3,Metal,26,"Richard Cunningham",USA,4,"Margaret Park"
"2025-04-10 00:00:00",1922,355,1190,"Magnetic Ocean",0.99,1,0.99,2,Jazz,35,"Madalena Sampaio",Portugal,4,"Margaret Park"
"2025-04-10 00:00:00",1923,355,1199,"She Wears Black",0.99,1,0.99,2,Jazz,35,"Madalena Sampaio",Portugal,4,"Margaret Park"
"2025-04-10 00:00:00",1924,355,1208,"For the Greater Good of God",0.99,1,0.99,1,Rock,35,"Madalena Sampaio",Portugal,4,"Margaret Park"
"2025-04-10 00:00:00",1925,355,1217,"Where Eagles Dare",0.99,1,0.99,3,Metal,35,"Madalena Sampaio",Portugal,4,"Margaret Park"
"2025-04-10 00:00:00",1926,355,1226,"Can I Play With Madness",0.99,1,0.99,3,Metal,35,"Madalena Sampaio",Portugal,4,"Margaret Park"
"2025-04-10 00:00:00",1927,355,1235,"The Wicker Man",0.99,1,0.99,1,Rock,35,"Madalena Sampaio",Portugal,4,"Margaret Park"
"2025-04-10 00:00:00",1928,355,1244,"The Thin Line Between Love & Hate",0.99,1,0.99,1,Rock,35,"Madalena Sampaio",Portugal,4,"Margaret Park"
"2025-04-10 00:00:00",1929,355,1253,"Face In The Sand",0.99,1,0.99,13,"Heavy Metal",35,"Madalena Sampaio",Portugal,4,"Margaret Park"
"2025-04-10 00:00:00",1930,355,1262,"The Fugitive",0.99,1,0.99,1,Rock,35,"Madalena Sampaio",Portugal,4,"Margaret Park"
"2025-04-10 00:00:00",1931,355,1271,"04 - Running Free",0.99,1,0.99,6,Blues,35,"Madalena Sampaio",Portugal,4,"Margaret Park"
"2025-04-10 00:00:00",1932,355,1280,"Another Life",0.99,1,0.99,13,"Heavy Metal",35,"Madalena Sampaio",Portugal,4,"Margaret Park"
"2025-04-10 00:00:00",1933,355,1289,"2 Minutes To Midnight",0.99,1,0.99,3,Metal,35,"Madalena Sampaio",Portugal,4,"Margaret Park"
"2025-04-10 00:00:00",1934,355,1298,"Run To The Hills",0.99,1,0.99,3,Metal,35,"Madalena Sampaio",Portugal,4,"Margaret Park"
"2025-04-10 00:00:00",1935,355,1307,Wrathchild,0.99,1,0.99,1,Rock,35,"Madalena Sampaio",Portugal,4,"Margaret Park"
"2025-04-18 00:00:00",1936,356,1321,"Hallowed Be Thy Name",0.99,1,0.99,1,Rock,49,"Stanisław Wójcik",Poland,4,"Margaret Park"
"2025-05-01 00:00:00",1937,357,1322,"The Trooper",0.99,1,0.99,1,Rock,50,"Enrique Muñoz",Spain,5,"Steve Johnson"
"2025-05-01 00:00:00",1938,357,1323,Sanctuary,0.99,1,0.99,1,Rock,50,"Enrique Muñoz",Spain,5,"Steve Johnson"
"2025-05-01 00:00:00",1939,358,1325,Tailgunner,0.99,1,0.99,3,Metal,52,"Emma Jones","United Kingdom",3,"Jane Peacock"
"2025-05-01 00:00:00",1940,358,1327,"No Prayer For The Dying",0.99,1,0.99,3,Metal,52,"Emma Jones","United Kingdom",3,"Jane Peacock"
"2025-05-02 00:00:00",1941,359,1329,"Fates Warning",0.99,1,0.99,3,Metal,54,"Steve Murray","United Kingdom",5,"Steve Johnson"
"2025-05-02 00:00:00",1942,359,1331,"Run Silent Run Deep",0.99,1,0.99,3,Metal,54,"Steve Murray","United Kingdom",5,"Steve Johnson"
"2025-05-02 00:00:00",1943,359,1333,"Bring Your Daughter... ...To The Slaughter",0.99,1,0.99,3,Metal,54,"Steve Murray","United Kingdom",5,"Steve Johnson"
"2025-05-02 00:00:00",1944,359,1335,"Where Eagles Dare",0.99,1,0.99,3,Metal,54,"Steve Murray","United Kingdom",5,"Steve Johnson"
"2025-05-03 00:00:00",1945,360,1339,"The Trooper",0.99,1,0.99,3,Metal,58,"Manoj Pareek",India,3,"Jane Peacock"
"2025-05-03 00:00:00",1946,360,1343,"To Tame A Land",0.99,1,0.99,3,Metal,58,"Manoj Pareek",India,3,"Jane Peacock"
"2025-05-03 00:00:00",1947,360,1347,"Flash of The Blade",0.99,1,0.99,3,Metal,58,"Manoj Pareek",India,3,"Jane Peacock"
"2025-05-03 00:00:00",1948,360,1351,"Rime of the Ancient Mariner",0.99,1,0.99,3,Metal,58,"Manoj Pareek",India,3,"Jane Peacock"
"2025-05-03 00:00:00",1949,360,1355,"Brave New World",0.99,1,0.99,3,Metal,58,"Manoj Pareek",India,3,"Jane Peacock"
"2025-05-03 00:00:00",1950,360,1359,"Sign Of The Cross",0.99,1,0.99,3,Metal,58,"Manoj Pareek",India,3,"Jane Peacock"
"2025-05-06 00:00:00",1951,361,1365,"Fear Of The Dark",0.99,1,0.99,1,Rock,5,"František Wichterlová","Czech Republic",4,"Margaret Park"
"2025-05-06 00:00:00",1952,361,1371,Moonchild,0.99,1,0.99,3,Metal,5,"František Wichterlová","Czech Republic",4,"Margaret Park"
"2025-05-06 00:00:00",1953,361,1377,"The Clairvoyant",0.99,1,0.99,3,Metal,5,"František Wichterlová","Czech Republic",4,"Margaret Park"
"2025-05-06 00:00:00",1954,361,1383,"Stranger in a Strange Land",0.99,1,0.99,3,Metal,5,"František Wichterlová","Czech Republic",4,"Margaret Park"
"2025-05-06 00:00:00",1955,361,1389,Gangland,0.99,1,0.99,3,Metal,5,"František Wichterlová","Czech Republic",4,"Margaret Park"
"2025-05-06 00:00:00",1956,361,1395,"Sign Of The Cross",0.99,1,0.99,1,Rock,5,"František Wichterlová","Czech Republic",4,"Margaret Park"
"2025-05-06 00:00:00",1957,361,1401,"Judgement Of Heaven",0.99,1,0.99,1,Rock,5,"František Wichterlová","Czech Republic",4,"Margaret Park"
"2025-05-06 00:00:00",1958,361,1407,"The Angel And The Gambler",0.99,1,0.99,1,Rock,5,"František Wichterlová","Czech Republic",4,"Margaret Park"
"2025-05-06 00:00:00",1959,361,1413,"Como Estais Amigos",0.99,1,0.99,1,Rock,5,"František Wichterlová","Czech Republic",4,"Margaret Park"
"2025-05-11 00:00:00",1960,362,1422,"Say It Loud, I'm Black And I'm Proud Pt.1",0.99,1,0.99,14,R&B/Soul,14,"Mark Philips",Canada,5,"Steve Johnson"
"2025-05-11 00:00:00",1961,362,1431,"I'm Real",0.99,1,0.99,14,R&B/Soul,14,"Mark Philips",Canada,5,"Steve Johnson"
"2025-05-11 00:00:00",1962,362,1440,"Whatever It Is, I Just Can't Stop",0.99,1,0.99,1,Rock,14,"Mark Philips",Canada,5,"Steve Johnson"
"2025-05-11 00:00:00",1963,362,1449,"Destitute Illusions",0.99,1,0.99,14,R&B/Soul,14,"Mark Philips",Canada,5,"Steve Johnson"
"2025-05-11 00:00:00",1964,362,1458,"Light Years",0.99,1,0.99,15,Electronica/Dance,14,"Mark Philips",Canada,5,"Steve Johnson"
"2025-05-11 00:00:00",1965,362,1467,"Are You Gonna Be My Girl",0.99,1,0.99,4,"Alternative & Punk",14,"Mark Philips",Canada,5,"Steve Johnson"
"2025-05-11 00:00:00",1966,362,1476,"Take It Or Leave It",0.99,1,0.99,4,"Alternative & Punk",14,"Mark Philips",Canada,5,"Steve Johnson"
"2025-05-11 00:00:00",1967,362,1485,"May This Be Love",0.99,1,0.99,1,Rock,14,"Mark Philips",Canada,5,"Steve Johnson"
"2025-05-11 00:00:00",1968,362,1494,"The Wind Cries Mary",0.99,1,0.99,1,Rock,14,"Mark Philips",Canada,5,"Steve Johnson"
"2025-05-11 00:00:00",1969,362,1503,"Lords of Karma",0.99,1,0.99,1,Rock,14,"Mark Philips",Canada,5,"Steve Johnson"
"2025-05-11 00:00:00",1970,362,1512,"Os Alquimistas Estão Chegando",0.99,1,0.99,7,Latin,14,"Mark Philips",Canada,5,"Steve Johnson"
"2025-05-11 00:00:00",1971,362,1521,"As Dores do Mundo",0.99,1,0.99,7,Latin,14,"Mark Philips",Canada,5,"Steve Johnson"
"2025-05-11 00:00:00",1972,362,1530,"Sem Sentido",0.99,1,0.99,7,Latin,14,"Mark Philips",Canada,5,"Steve Johnson"
"2025-05-11 00:00:00",1973,362,1539,Equinocio,0.99,1,0.99,16,World,14,"Mark Philips",Canada,5,"Steve Johnson"
"2025-05-19 00:00:00",1974,363,1553,"You've Got Another Thing Comin'",0.99,1,0.99,3,Metal,28,"Julia Barnett",USA,5,"Steve Johnson"
"2025-06-01 00:00:00",1975,364,1554,"Turbo Lover",0.99,1,0.99,3,Metal,29,"Robert Brown",Canada,3,"Jane Peacock"
"2025-06-01 00:00:00",1976,364,1555,"Freewheel Burning",0.99,1,0.99,3,Metal,29,"Robert Brown",Canada,3,"Jane Peacock"
"2025-06-01 00:00:00",1977,365,1557,"Metal Meltdown",0.99,1,0.99,3,Metal,31,"Martha Silk",Canada,5,"Steve Johnson"
"2025-06-01 00:00:00",1978,365,1559,"Diamonds And Rust (Live)",0.99,1,0.99,3,Metal,31,"Martha Silk",Canada,5,"Steve Johnson"
"2025-06-02 00:00:00",1979,366,1561,"Tyrant (Live)",0.99,1,0.99,3,Metal,33,"Ellie Sullivan",Canada,3,"Jane Peacock"
"2025-06-02 00:00:00",1980,366,1563,"Plaster Caster",0.99,1,0.99,1,Rock,33,"Ellie Sullivan",Canada,3,"Jane Peacock"
"2025-06-02 00:00:00",1981,366,1565,"Do You Love Me",0.99,1,0.99,1,Rock,33,"Ellie Sullivan",Canada,3,"Jane Peacock"
"2025-06-02 00:00:00",1982,366,1567,"Sure Know Something",0.99,1,0.99,1,Rock,33,"Ellie Sullivan",Canada,3,"Jane Peacock"
"2025-06-03 00:00:00",1983,367,1571,"I Still Love You",0.99,1,0.99,1,Rock,37,"Fynn Zimmermann",Germany,3,"Jane Peacock"
"2025-06-03 00:00:00",1984,367,1575,"Nothin' To Lose",0.99,1,0.99,1,Rock,37,"Fynn Zimmermann",Germany,3,"Jane Peacock"
"2025-06-03 00:00:00",1985,367,1579,"Since I've Been Loving You",0.99,1,0.99,1,Rock,37,"Fynn Zimmermann",Germany,3,"Jane Peacock"
"2025-06-03 00:00:00",1986,367,1583,"Going To California",0.99,1,0.99,1,Rock,37,"Fynn Zimmermann",Germany,3,"Jane Peacock"
"2025-06-03 00:00:00",1987,367,1587,"We're Gonna Groove",0.99,1,0.99,1,Rock,37,"Fynn Zimmermann",Germany,3,"Jane Peacock"
"2025-06-03 00:00:00",1988,367,1591,"Ozone Baby",0.99,1,0.99,1,Rock,37,"Fynn Zimmermann",Germany,3,"Jane Peacock"
"2025-06-06 00:00:00",1989,368,1597,"Over The Hills And Far Away",0.99,1,0.99,1,Rock,43,"Isabelle Mercier",France,3,"Jane Peacock"
"2025-06-06 00:00:00",1990,368,1603,"In The Evening",0.99,1,0.99,1,Rock,43,"Isabelle Mercier",France,3,"Jane Peacock"
"2025-06-06 00:00:00",1991,368,1609,"I'm Gonna Crawl",0.99,1,0.99,1,Rock,43,"Isabelle Mercier",France,3,"Jane Peacock"
"2025-06-06 00:00:00",1992,368,1615,"Four Sticks",0.99,1,0.99,1,Rock,43,"Isabelle Mercier",France,3,"Jane Peacock"
"2025-06-06 00:00:00",1993,368,1621,"Dazed and Confused",0.99,1,0.99,1,Rock,43,"Isabelle Mercier",France,3,"Jane Peacock"
"2025-06-06 00:00:00",1994,368,1627,"Whole Lotta Love",0.99,1,0.99,1,Rock,43,"Isabelle Mercier",France,3,"Jane Peacock"
"2025-06-06 00:00:00",1995,368,1633,"Ramble On",0.99,1,0.99,1,Rock,43,"Isabelle Mercier",France,3,"Jane Peacock"
"2025-06-06 00:00:00",1996,368,1639,"Since I've Been Loving You",0.99,1,0.99,1,Rock,43,"Isabelle Mercier",France,3,"Jane Peacock"
"2025-06-06 00:00:00",1997,368,1645,"Hats Off To (Roy) Harper",0.99,1,0.99,1,Rock,43,"Isabelle Mercier",France,3,"Jane Peacock"
"2025-06-11 00:00:00",1998,369,1654,"Sick Again",0.99,1,0.99,1,Rock,52,"Emma Jones","United Kingdom",3,"Jane Peacock"
"2025-06-11 00:00:00",1999,369,1663,"Celebration Day",0.99,1,0.99,1,Rock,52,"Emma Jones","United Kingdom",3,"Jane Peacock"
"2025-06-11 00:00:00",2000,369,1672,L'Avventura,0.99,1,0.99,7,Latin,52,"Emma Jones","United Kingdom",3,"Jane Peacock"
"2025-06-11 00:00:00",2001,369,1681,Leila,0.99,1,0.99,7,Latin,52,"Emma Jones","United Kingdom",3,"Jane Peacock"
"2025-06-11 00:00:00",2002,369,1690,"Tempo Perdido",0.99,1,0.99,7,Latin,52,"Emma Jones","United Kingdom",3,"Jane Peacock"
"2025-06-11 00:00:00",2003,369,1699,Giz,0.99,1,0.99,7,Latin,52,"Emma Jones","United Kingdom",3,"Jane Peacock"
"2025-06-11 00:00:00",2004,369,1708,"Mr. Cab Driver",0.99,1,0.99,1,Rock,52,"Emma Jones","United Kingdom",3,"Jane Peacock"
"2025-06-11 00:00:00",2005,369,1717,"Assim Caminha A Humanidade",0.99,1,0.99,7,Latin,52,"Emma Jones","United Kingdom",3,"Jane Peacock"
"2025-06-11 00:00:00",2006,369,1726,Satisfação,0.99,1,0.99,7,Latin,52,"Emma Jones","United Kingdom",3,"Jane Peacock"
"2025-06-11 00:00:00",2007,369,1735,Ro-Que-Se-Da-Ne,0.99,1,0.99,7,Latin,52,"Emma Jones","United Kingdom",3,"Jane Peacock"
"2025-06-11 00:00:00",2008,369,1744,"O Último Romântico (Ao Vivo)",0.99,1,0.99,7,Latin,52,"Emma Jones","United Kingdom",3,"Jane Peacock"
"2025-06-11 00:00:00",2009,369,1753,"Childhoods End?",0.99,1,0.99,1,Rock,52,"Emma Jones","United Kingdom",3,"Jane Peacock"
"2025-06-11 00:00:00",2010,369,1762,"Panis Et Circenses",0.99,1,0.99,7,Latin,52,"Emma Jones","United Kingdom",3,"Jane Peacock"
"2025-06-11 00:00:00",2011,369,1771,"Segue O Seco",0.99,1,0.99,7,Latin,52,"Emma Jones","United Kingdom",3,"Jane Peacock"
"2025-06-19 00:00:00",2012,370,1785,"Abraham, Martin And John",0.99,1,0.99,14,R&B/Soul,7,"Astrid Gruber",Austria,5,"Steve Johnson"
"2025-07-02 00:00:00",2013,371,1786,"Save The Children",0.99,1,0.99,14,R&B/Soul,8,"Daan Peeters",Belgium,4,"Margaret Park"
"2025-07-02 00:00:00",2014,371,1787,"You Sure Love To Ball",0.99,1,0.99,14,R&B/Soul,8,"Daan Peeters",Belgium,4,"Margaret Park"
"2025-07-02 00:00:00",2015,372,1789,Praise,0.99,1,0.99,14,R&B/Soul,10,"Eduardo Martins",Brazil,4,"Margaret Park"
"2025-07-02 00:00:00",2016,372,1791,"Down Under",0.99,1,0.99,1,Rock,10,"Eduardo Martins",Brazil,4,"Margaret Park"
"2025-07-03 00:00:00",2017,373,1793,"Be Good Johnny",0.99,1,0.99,1,Rock,12,"Roberto Almeida",Brazil,3,"Jane Peacock"
"2025-07-03 00:00:00",2018,373,1795,"Down by the Sea",0.99,1,0.99,1,Rock,12,"Roberto Almeida",Brazil,3,"Jane Peacock"
"2025-07-03 00:00:00",2019,373,1797,"It's a Mistake",0.99,1,0.99,1,Rock,12,"Roberto Almeida",Brazil,3,"Jane Peacock"
"2025-07-03 00:00:00",2020,373,1799,"Shakes and Ladders",0.99,1,0.99,1,Rock,12,"Roberto Almeida",Brazil,3,"Jane Peacock"
"2025-07-04 00:00:00",2021,374,1803,"Holier Than Thou",0.99,1,0.99,3,Metal,16,"Frank Harris",USA,4,"Margaret Park"
"2025-07-04 00:00:00",2022,374,1807,"Through The Never",0.99,1,0.99,3,Metal,16,"Frank Harris",USA,4,"Margaret Park"
"2025-07-04 00:00:00",2023,374,1811,"My Friend Of Misery",0.99,1,0.99,3,Metal,16,"Frank Harris",USA,4,"Margaret Park"
"2025-07-04 00:00:00",2024,374,1815,"The Wait",0.99,1,0.99,3,Metal,16,"Frank Harris",USA,4,"Margaret Park"
"2025-07-04 00:00:00",2025,374,1819,Blitzkrieg,0.99,1,0.99,3,Metal,16,"Frank Harris",USA,4,"Margaret Park"
"2025-07-04 00:00:00",2026,374,1823,"So What",0.99,1,0.99,3,Metal,16,"Frank Harris",USA,4,"Margaret Park"
"2025-07-07 00:00:00",2027,375,1829,"Hit The Lights",0.99,1,0.99,3,Metal,22,"Heather Leacock",USA,4,"Margaret Park"
"2025-07-07 00:00:00",2028,375,1835,"Phantom Lord",0.99,1,0.99,3,Metal,22,"Heather Leacock",USA,4,"Margaret Park"
"2025-07-07 00:00:00",2029,375,1841,"The House Jack Built",0.99,1,0.99,3,Metal,22,"Heather Leacock",USA,4,"Margaret Park"
"2025-07-07 00:00:00",2030,375,1847,"Poor Twisted Me",0.99,1,0.99,3,Metal,22,"Heather Leacock",USA,4,"Margaret Park"
"2025-07-07 00:00:00",2031,375,1853,Battery,0.99,1,0.99,3,Metal,22,"Heather Leacock",USA,4,"Margaret Park"
"2025-07-07 00:00:00",2032,375,1859,Orion,0.99,1,0.99,3,Metal,22,"Heather Leacock",USA,4,"Margaret Park"
"2025-07-07 00:00:00",2033,375,1865,"Better Than You",0.99,1,0.99,3,Metal,22,"Heather Leacock",USA,4,"Margaret Park"
"2025-07-07 00:00:00",2034,375,1871,"Low Man's Lyric",0.99,1,0.99,3,Metal,22,"Heather Leacock",USA,4,"Margaret Park"
"2025-07-07 00:00:00",2035,375,1877,"Fade To Black",0.99,1,0.99,3,Metal,22,"Heather Leacock",USA,4,"Margaret Park"
"2025-07-12 00:00:00",2036,376,1886,"Invisible Kid",0.99,1,0.99,3,Metal,31,"Martha Silk",Canada,5,"Steve Johnson"
"2025-07-12 00:00:00",2037,376,1895,"Eye Of The Beholder",0.99,1,0.99,3,Metal,31,"Martha Silk",Canada,5,"Steve Johnson"
"2025-07-12 00:00:00",2038,376,1904,"The Duke",0.99,1,0.99,2,Jazz,31,"Martha Silk",Canada,5,"Steve Johnson"
"2025-07-12 00:00:00",2039,376,1913,"Blues For Pablo (Alternate Take)",0.99,1,0.99,2,Jazz,31,"Martha Silk",Canada,5,"Steve Johnson"
"2025-07-12 00:00:00",2040,376,1922,"Menestrel Das Alagoas",0.99,1,0.99,7,Latin,31,"Martha Silk",Canada,5,"Steve Johnson"
"2025-07-12 00:00:00",2041,376,1931,"Beijo Partido",0.99,1,0.99,7,Latin,31,"Martha Silk",Canada,5,"Steve Johnson"
"2025-07-12 00:00:00",2042,376,1940,"Norwegian Wood",0.99,1,0.99,7,Latin,31,"Martha Silk",Canada,5,"Steve Johnson"
"2025-07-12 00:00:00",2043,376,1949,Jailbait,0.99,1,0.99,3,Metal,31,"Martha Silk",Canada,5,"Steve Johnson"
"2025-07-12 00:00:00",2044,376,1958,"O Que Vai Em Meu Coração",0.99,1,0.99,16,World,31,"Martha Silk",Canada,5,"Steve Johnson"
"2025-07-12 00:00:00",2045,376,1967,"A Moça e a Chuva",0.99,1,0.99,16,World,31,"Martha Silk",Canada,5,"Steve Johnson"
"2025-07-12 00:00:00",2046,376,1976,"Same Ol' Situation",0.99,1,0.99,3,Metal,31,"Martha Silk",Canada,5,"Steve Johnson"
"2025-07-12 00:00:00",2047,376,1985,"Shout At The Devil",0.99,1,0.99,3,Metal,31,"Martha Silk",Canada,5,"Steve Johnson"
"2025-07-12 00:00:00",2048,376,1994,"Spank Thru",0.99,1,0.99,1,Rock,31,"Martha Silk",Canada,5,"Steve Johnson"
"2025-07-12 00:00:00",2049,376,2003,"Smells Like Teen Spirit",0.99,1,0.99,1,Rock,31,"Martha Silk",Canada,5,"Steve Johnson"
"2025-07-20 00:00:00",2050,377,2017,"Sangue Latino",0.99,1,0.99,1,Rock,45,"Ladislav Kovács",Hungary,3,"Jane Peacock"
"2025-08-02 00:00:00",2051,378,2018,"Folhas Secas",0.99,1,0.99,1,Rock,46,"Hugh O'Reilly",Ireland,3,"Jane Peacock"
"2025-08-02 00:00:00",2052,378,2019,Poeira,0.99,1,0.99,1,Rock,46,"Hugh O'Reilly",Ireland,3,"Jane Peacock"
"2025-08-02 00:00:00",2053,379,2021,"Quem Mata A Mulher Mata O Melhor",0.99,1,0.99,1,Rock,48,"Johannes Van der Berg",Netherlands,5,"Steve Johnson"
"2025-08-02 00:00:00",2054,379,2023,"O Braço Da Minha Guitarra",0.99,1,0.99,1,Rock,48,"Johannes Van der Berg",Netherlands,5,"Steve Johnson"
"2025-08-03 00:00:00",2055,380,2025,"Mãe Terra",0.99,1,0.99,1,Rock,50,"Enrique Muñoz",Spain,5,"Steve Johnson"
"2025-08-03 00:00:00",2056,380,2027,"Menino De Rua",0.99,1,0.99,1,Rock,50,"Enrique Muñoz",Spain,5,"Steve Johnson"
"2025-08-03 00:00:00",2057,380,2029,Elza,0.99,1,0.99,1,Rock,50,"Enrique Muñoz",Spain,5,"Steve Johnson"
"2025-08-03 00:00:00",2058,380,2031,"Nossa Gente (Avisa Là)",0.99,1,0.99,7,Latin,50,"Enrique Muñoz",Spain,5,"Steve Johnson"
"2025-08-04 00:00:00",2059,381,2035,"Todo Amor (Asas Da Liberdade)",0.99,1,0.99,7,Latin,54,"Steve Murray","United Kingdom",5,"Steve Johnson"
"2025-08-04 00:00:00",2060,381,2039,"Jeito Faceiro",0.99,1,0.99,7,Latin,54,"Steve Murray","United Kingdom",5,"Steve Johnson"
"2025-08-04 00:00:00",2061,381,2043,"Olodum - Smile (Instrumental)",0.99,1,0.99,7,Latin,54,"Steve Murray","United Kingdom",5,"Steve Johnson"
"2025-08-04 00:00:00",2062,381,2047,"Um Amor, Um Lugar",0.99,1,0.99,7,Latin,54,"Steve Murray","United Kingdom",5,"Steve Johnson"
"2025-08-04 00:00:00",2063,381,2051,"Uns Dias",0.99,1,0.99,7,Latin,54,"Steve Murray","United Kingdom",5,"Steve Johnson"
"2025-08-04 00:00:00",2064,381,2055,"Brasília 5:31",0.99,1,0.99,7,Latin,54,"Steve Murray","United Kingdom",5,"Steve Johnson"
"2025-08-07 00:00:00",2065,382,2061,"Vamo Batê Lata",0.99,1,0.99,7,Latin,1,"Luís Gonçalves",Brazil,3,"Jane Peacock"
"2025-08-07 00:00:00",2066,382,2067,"Mensagen De Amor (2000)",0.99,1,0.99,7,Latin,1,"Luís Gonçalves",Brazil,3,"Jane Peacock"
"2025-08-07 00:00:00",2067,382,2073,"Saber Amar",0.99,1,0.99,7,Latin,1,"Luís Gonçalves",Brazil,3,"Jane Peacock"
"2025-08-07 00:00:00",2068,382,2079,"Cinema Mudo",0.99,1,0.99,7,Latin,1,"Luís Gonçalves",Brazil,3,"Jane Peacock"
"2025-08-07 00:00:00",2069,382,2085,"Meu Erro",0.99,1,0.99,7,Latin,1,"Luís Gonçalves",Brazil,3,"Jane Peacock"
"2025-08-07 00:00:00",2070,382,2091,"Será Que Vai Chover?",0.99,1,0.99,7,Latin,1,"Luís Gonçalves",Brazil,3,"Jane Peacock"
"2025-08-07 00:00:00",2071,382,2097,"Mama, I'm Coming Home",0.99,1,0.99,1,Rock,1,"Luís Gonçalves",Brazil,3,"Jane Peacock"
"2025-08-07 00:00:00",2072,382,2103,"Flying High Again",0.99,1,0.99,3,Metal,1,"Luís Gonçalves",Brazil,3,"Jane Peacock"
"2025-08-07 00:00:00",2073,382,2109,Paranoid,0.99,1,0.99,3,Metal,1,"Luís Gonçalves",Brazil,3,"Jane Peacock"
"2025-08-12 00:00:00",2074,383,2118,"Most High",0.99,1,0.99,1,Rock,10,"Eduardo Martins",Brazil,4,"Margaret Park"
"2025-08-12 00:00:00",2075,383,2127,"Your Blue Room",0.99,1,0.99,10,Soundtrack,10,"Eduardo Martins",Brazil,4,"Margaret Park"
"2025-08-12 00:00:00",2076,383,2136,"Plot 180",0.99,1,0.99,10,Soundtrack,10,"Eduardo Martins",Brazil,4,"Margaret Park"
"2025-08-12 00:00:00",2077,383,2145,Sanctuary,0.99,1,0.99,1,Rock,10,"Eduardo Martins",Brazil,4,"Margaret Park"
"2025-08-12 00:00:00",2078,383,2154,Untitled,0.99,1,0.99,1,Rock,10,"Eduardo Martins",Brazil,4,"Margaret Park"
"2025-08-12 00:00:00",2079,383,2163,Black,0.99,1,0.99,1,Rock,10,"Eduardo Martins",Brazil,4,"Margaret Park"
"2025-08-12 00:00:00",2080,383,2172,"Big Wave",0.99,1,0.99,4,"Alternative & Punk",10,"Eduardo Martins",Brazil,4,"Margaret Park"
"2025-08-12 00:00:00",2081,383,2181,Cropduster,0.99,1,0.99,1,Rock,10,"Eduardo Martins",Brazil,4,"Margaret Park"
"2025-08-12 00:00:00",2082,383,2190,"1/2 Full",0.99,1,0.99,1,Rock,10,"Eduardo Martins",Brazil,4,"Margaret Park"
"2025-08-12 00:00:00",2083,383,2199,Oceans,0.99,1,0.99,1,Rock,10,"Eduardo Martins",Brazil,4,"Margaret Park"
"2025-08-12 00:00:00",2084,383,2208,Dissident,0.99,1,0.99,1,Rock,10,"Eduardo Martins",Brazil,4,"Margaret Park"
"2025-08-12 00:00:00",2085,383,2217,"Don't Look Back",0.99,1,0.99,8,Reggae,10,"Eduardo Martins",Brazil,4,"Margaret Park"
"2025-08-12 00:00:00",2086,383,2226,"Pick Myself Up",0.99,1,0.99,8,Reggae,10,"Eduardo Martins",Brazil,4,"Margaret Park"
"2025-08-12 00:00:00",2087,383,2235,"Any Colour You Like",0.99,1,0.99,1,Rock,10,"Eduardo Martins",Brazil,4,"Margaret Park"
"2025-08-20 00:00:00",2088,384,2249,"Rappers Reais",0.99,1,0.99,17,"Hip Hop/Rap",24,"Frank Ralston",USA,3,"Jane Peacock"
"2025-09-02 00:00:00",2089,385,2250,"Nega Do Cabelo Duro",0.99,1,0.99,17,"Hip Hop/Rap",25,"Victor Stevens",USA,5,"Steve Johnson"
"2025-09-02 00:00:00",2090,385,2251,"Hemp Family",0.99,1,0.99,17,"Hip Hop/Rap",25,"Victor Stevens",USA,5,"Steve Johnson"
"2025-09-02 00:00:00",2091,386,2253,"Se Liga",0.99,1,0.99,17,"Hip Hop/Rap",27,"Patrick Gray",USA,4,"Margaret Park"
"2025-09-02 00:00:00",2092,386,2255,"Another One Bites The Dust",0.99,1,0.99,1,Rock,27,"Patrick Gray",USA,4,"Margaret Park"
"2025-09-03 00:00:00",2093,387,2257,"Fat Bottomed Girls",0.99,1,0.99,1,Rock,29,"Robert Brown",Canada,3,"Jane Peacock"
"2025-09-03 00:00:00",2094,387,2259,"You're My Best Friend",0.99,1,0.99,1,Rock,29,"Robert Brown",Canada,3,"Jane Peacock"
"2025-09-03 00:00:00",2095,387,2261,"Save Me",0.99,1,0.99,1,Rock,29,"Robert Brown",Canada,3,"Jane Peacock"
"2025-09-03 00:00:00",2096,387,2263,"Somebody To Love",0.99,1,0.99,1,Rock,29,"Robert Brown",Canada,3,"Jane Peacock"
"2025-09-04 00:00:00",2097,388,2267,Flash,0.99,1,0.99,1,Rock,33,"Ellie Sullivan",Canada,3,"Jane Peacock"
"2025-09-04 00:00:00",2098,388,2271,"We Will Rock You",0.99,1,0.99,1,Rock,33,"Ellie Sullivan",Canada,3,"Jane Peacock"
"2025-09-04 00:00:00",2099,388,2275,"Spread Your Wings",0.99,1,0.99,1,Rock,33,"Ellie Sullivan",Canada,3,"Jane Peacock"
"2025-09-04 00:00:00",2100,388,2279,"Who Needs You",0.99,1,0.99,1,Rock,33,"Ellie Sullivan",Canada,3,"Jane Peacock"
"2025-09-04 00:00:00",2101,388,2283,"Me In Honey",0.99,1,0.99,4,"Alternative & Punk",33,"Ellie Sullivan",Canada,3,"Jane Peacock"
"2025-09-04 00:00:00",2102,388,2287,"You Are The Everything",0.99,1,0.99,4,"Alternative & Punk",33,"Ellie Sullivan",Canada,3,"Jane Peacock"
"2025-09-07 00:00:00",2103,389,2293,Hairshirt,0.99,1,0.99,4,"Alternative & Punk",39,"Camille Bernard",France,4,"Margaret Park"
"2025-09-07 00:00:00",2104,389,2299,Undertow,0.99,1,0.99,1,Rock,39,"Camille Bernard",France,4,"Margaret Park"
"2025-09-07 00:00:00",2105,389,2305,"Binky The Doormat",0.99,1,0.99,1,Rock,39,"Camille Bernard",France,4,"Margaret Park"
"2025-09-07 00:00:00",2106,389,2311,Low,0.99,1,0.99,4,"Alternative & Punk",39,"Camille Bernard",France,4,"Margaret Park"
"2025-09-07 00:00:00",2107,389,2317,"Country Feedback",0.99,1,0.99,4,"Alternative & Punk",39,"Camille Bernard",France,4,"Margaret Park"
"2025-09-07 00:00:00",2108,389,2323,"Don't Go Back To Rockville",0.99,1,0.99,4,"Alternative & Punk",39,"Camille Bernard",France,4,"Margaret Park"
"2025-09-07 00:00:00",2109,389,2329,"I Believe",0.99,1,0.99,4,"Alternative & Punk",39,"Camille Bernard",France,4,"Margaret Park"
"2025-09-07 00:00:00",2110,389,2335,"A Sua",0.99,1,0.99,4,"Alternative & Punk",39,"Camille Bernard",France,4,"Margaret Park"
"2025-09-07 00:00:00",2111,389,2341,Bê-a-Bá,0.99,1,0.99,4,"Alternative & Punk",39,"Camille Bernard",France,4,"Margaret Park"
"2025-09-12 00:00:00",2112,390,2350,"Sapato 36",0.99,1,0.99,1,Rock,48,"Johannes Van der Berg",Netherlands,5,"Steve Johnson"
"2025-09-12 00:00:00",2113,390,2359,"If You Have To Ask",0.99,1,0.99,4,"Alternative & Punk",48,"Johannes Van der Berg",Netherlands,5,"Steve Johnson"
"2025-09-12 00:00:00",2114,390,2368,"Under The Bridge",0.99,1,0.99,4,"Alternative & Punk",48,"Johannes Van der Berg",Netherlands,5,"Steve Johnson"
"2025-09-12 00:00:00",2115,390,2377,"This Is The Place",0.99,1,0.99,1,Rock,48,"Johannes Van der Berg",Netherlands,5,"Steve Johnson"
"2025-09-12 00:00:00",2116,390,2386,Tear,0.99,1,0.99,1,Rock,48,"Johannes Van der Berg",Netherlands,5,"Steve Johnson"
"2025-09-12 00:00:00",2117,390,2395,"Get On Top",0.99,1,0.99,1,Rock,48,"Johannes Van der Berg",Netherlands,5,"Steve Johnson"
"2025-09-12 00:00:00",2118,390,2404,"Right On Time",0.99,1,0.99,1,Rock,48,"Johannes Van der Berg",Netherlands,5,"Steve Johnson"
"2025-09-12 00:00:00",2119,390,2413,Anthem,0.99,1,0.99,1,Rock,48,"Johannes Van der Berg",Netherlands,5,"Steve Johnson"
"2025-09-12 00:00:00",2120,390,2422,"La Puesta Del Sol",0.99,1,0.99,1,Rock,48,"Johannes Van der Berg",Netherlands,5,"Steve Johnson"
"2025-09-12 00:00:00",2121,390,2431,"Just Ain't Good Enough",0.99,1,0.99,1,Rock,48,"Johannes Van der Berg",Netherlands,5,"Steve Johnson"
"2025-09-12 00:00:00",2122,390,2440,"If You Don't Know Me By Now",0.99,1,0.99,1,Rock,48,"Johannes Van der Berg",Netherlands,5,"Steve Johnson"
"2025-09-12 00:00:00",2123,390,2449,"Água E Fogo",0.99,1,0.99,1,Rock,48,"Johannes Van der Berg",Netherlands,5,"Steve Johnson"
"2025-09-12 00:00:00",2124,390,2458,Fica,0.99,1,0.99,1,Rock,48,"Johannes Van der Berg",Netherlands,5,"Steve Johnson"
"2025-09-12 00:00:00",2125,390,2467,"Os Exilados",0.99,1,0.99,1,Rock,48,"Johannes Van der Berg",Netherlands,5,"Steve Johnson"
"2025-09-20 00:00:00",2126,391,2481,Waiting,0.99,1,0.99,4,"Alternative & Punk",3,"François Tremblay",Canada,3,"Jane Peacock"
"2025-10-03 00:00:00",2127,392,2482,Saturnine,0.99,1,0.99,4,"Alternative & Punk",4,"Bjørn Hansen",Norway,4,"Margaret Park"
"2025-10-03 00:00:00",2128,392,2483,"Rock On",0.99,1,0.99,4,"Alternative & Punk",4,"Bjørn Hansen",Norway,4,"Margaret Park"
"2025-10-03 00:00:00",2129,393,2485,Winterlong,0.99,1,0.99,4,"Alternative & Punk",6,"Helena Holý","Czech Republic",5,"Steve Johnson"
"2025-10-03 00:00:00",2130,393,2487,"Blissed & Gone",0.99,1,0.99,4,"Alternative & Punk",6,"Helena Holý","Czech Republic",5,"Steve Johnson"
"2025-10-04 00:00:00",2131,394,2489,Rhinocerous,0.99,1,0.99,4,"Alternative & Punk",8,"Daan Peeters",Belgium,4,"Margaret Park"
"2025-10-04 00:00:00",2132,394,2491,"Cherub Rock",0.99,1,0.99,4,"Alternative & Punk",8,"Daan Peeters",Belgium,4,"Margaret Park"
"2025-10-04 00:00:00",2133,394,2493,Disarm,0.99,1,0.99,4,"Alternative & Punk",8,"Daan Peeters",Belgium,4,"Margaret Park"
"2025-10-04 00:00:00",2134,394,2495,"Bullet With Butterfly Wings",0.99,1,0.99,4,"Alternative & Punk",8,"Daan Peeters",Belgium,4,"Margaret Park"
"2025-10-05 00:00:00",2135,395,2499,Eye,0.99,1,0.99,4,"Alternative & Punk",12,"Roberto Almeida",Brazil,3,"Jane Peacock"
"2025-10-05 00:00:00",2136,395,2503,"Stand Inside Your Love",0.99,1,0.99,4,"Alternative & Punk",12,"Roberto Almeida",Brazil,3,"Jane Peacock"
"2025-10-05 00:00:00",2137,395,2507,Flower,0.99,1,0.99,1,Rock,12,"Roberto Almeida",Brazil,3,"Jane Peacock"
"2025-10-05 00:00:00",2138,395,2511,"Jesus Christ Pose",0.99,1,0.99,1,Rock,12,"Roberto Almeida",Brazil,3,"Jane Peacock"
"2025-10-05 00:00:00",2139,395,2515,"The Day I Tried To Live",0.99,1,0.99,1,Rock,12,"Roberto Almeida",Brazil,3,"Jane Peacock"
"2025-10-05 00:00:00",2140,395,2519,"Burden In My Hand",0.99,1,0.99,1,Rock,12,"Roberto Almeida",Brazil,3,"Jane Peacock"
"2025-10-08 00:00:00",2141,396,2525,Rasul,0.99,1,0.99,2,Jazz,18,"Michelle Brooks",USA,3,"Jane Peacock"
"2025-10-08 00:00:00",2142,396,2531,"End Of Romanticism",0.99,1,0.99,2,Jazz,18,"Michelle Brooks",USA,3,"Jane Peacock"
"2025-10-08 00:00:00",2143,396,2537,"Travis Walk",0.99,1,0.99,6,Blues,18,"Michelle Brooks",USA,3,"Jane Peacock"
"2025-10-08 00:00:00",2144,396,2543,"Sex Type Thing",0.99,1,0.99,1,Rock,18,"Michelle Brooks",USA,3,"Jane Peacock"
"2025-10-08 00:00:00",2145,396,2549,"Piece Of Pie",0.99,1,0.99,1,Rock,18,"Michelle Brooks",USA,3,"Jane Peacock"
"2025-10-08 00:00:00",2146,396,2555,B.Y.O.B.,0.99,1,0.99,3,Metal,18,"Michelle Brooks",USA,3,"Jane Peacock"
"2025-10-08 00:00:00",2147,396,2561,Question!,0.99,1,0.99,3,Metal,18,"Michelle Brooks",USA,3,"Jane Peacock"
"2025-10-08 00:00:00",2148,396,2567,Duende,0.99,1,0.99,1,Rock,18,"Michelle Brooks",USA,3,"Jane Peacock"
"2025-10-08 00:00:00",2149,396,2573,"Sting Me",0.99,1,0.99,6,Blues,18,"Michelle Brooks",USA,3,"Jane Peacock"
"2025-10-13 00:00:00",2150,397,2582,"Black Moon Creeping",0.99,1,0.99,6,Blues,27,"Patrick Gray",USA,4,"Margaret Park"
"2025-10-13 00:00:00",2151,397,2591,"White Riot",0.99,1,0.99,4,"Alternative & Punk",27,"Patrick Gray",USA,4,"Margaret Park"
"2025-10-13 00:00:00",2152,397,2600,"Train In Vain",0.99,1,0.99,4,"Alternative & Punk",27,"Patrick Gray",USA,4,"Margaret Park"
"2025-10-13 00:00:00",2153,397,2609,"War (The Process)",0.99,1,0.99,1,Rock,27,"Patrick Gray",USA,4,"Margaret Park"
"2025-10-13 00:00:00",2154,397,2618,"Speed Of Light",0.99,1,0.99,1,Rock,27,"Patrick Gray",USA,4,"Margaret Park"
"2025-10-13 00:00:00",2155,397,2627,"Wild Hearted Son",0.99,1,0.99,1,Rock,27,"Patrick Gray",USA,4,"Margaret Park"
"2025-10-13 00:00:00",2156,397,2636,"Sun King",0.99,1,0.99,1,Rock,27,"Patrick Gray",USA,4,"Margaret Park"
"2025-10-13 00:00:00",2157,397,2645,"Back Door Man",0.99,1,0.99,1,Rock,27,"Patrick Gray",USA,4,"Margaret Park"
"2025-10-13 00:00:00",2158,397,2654,"Don't Stand so Close to Me",0.99,1,0.99,1,Rock,27,"Patrick Gray",USA,4,"Margaret Park"
"2025-10-13 00:00:00",2159,397,2663,"Message in a Bottle (new classic rock mix)",0.99,1,0.99,1,Rock,27,"Patrick Gray",USA,4,"Margaret Park"
"2025-10-13 00:00:00",2160,397,2672,"Paint It Black",0.99,1,0.99,1,Rock,27,"Patrick Gray",USA,4,"Margaret Park"
"2025-10-13 00:00:00",2161,397,2681,Corinna,0.99,1,0.99,1,Rock,27,"Patrick Gray",USA,4,"Margaret Park"
"2025-10-13 00:00:00",2162,397,2690,"Love Is Strong",0.99,1,0.99,1,Rock,27,"Patrick Gray",USA,4,"Margaret Park"
"2025-10-13 00:00:00",2163,397,2699,"Sweethearts Together",0.99,1,0.99,1,Rock,27,"Patrick Gray",USA,4,"Margaret Park"
"2025-10-21 00:00:00",2164,398,2713,Release,0.99,1,0.99,4,"Alternative & Punk",41,"Marc Dubois",France,5,"Steve Johnson"
"2025-11-03 00:00:00",2165,399,2714,"Heaven Coming Down",0.99,1,0.99,4,"Alternative & Punk",42,"Wyatt Girard",France,3,"Jane Peacock"
"2025-11-03 00:00:00",2166,399,2715,"The River (Remix)",0.99,1,0.99,4,"Alternative & Punk",42,"Wyatt Girard",France,3,"Jane Peacock"
"2025-11-03 00:00:00",2167,400,2717,"Waiting On A Sign",0.99,1,0.99,4,"Alternative & Punk",44,"Terhi Hämäläinen",Finland,3,"Jane Peacock"
"2025-11-03 00:00:00",2168,400,2719,"Paint It Black",0.99,1,0.99,4,"Alternative & Punk",44,"Terhi Hämäläinen",Finland,3,"Jane Peacock"
"2025-11-04 00:00:00",2169,401,2721,"Army Ants",0.99,1,0.99,4,"Alternative & Punk",46,"Hugh O'Reilly",Ireland,3,"Jane Peacock"
"2025-11-04 00:00:00",2170,401,2723,Gyroscope,0.99,1,0.99,4,"Alternative & Punk",46,"Hugh O'Reilly",Ireland,3,"Jane Peacock"
"2025-11-04 00:00:00",2171,401,2725,Release,0.99,1,0.99,4,"Alternative & Punk",46,"Hugh O'Reilly",Ireland,3,"Jane Peacock"
"2025-11-04 00:00:00",2172,401,2727,Babylon,0.99,1,0.99,4,"Alternative & Punk",46,"Hugh O'Reilly",Ireland,3,"Jane Peacock"
"2025-11-05 00:00:00",2173,402,2731,"I Can't Explain",0.99,1,0.99,1,Rock,50,"Enrique Muñoz",Spain,5,"Steve Johnson"
"2025-11-05 00:00:00",2174,402,2735,"I'm A Boy",0.99,1,0.99,1,Rock,50,"Enrique Muñoz",Spain,5,"Steve Johnson"
"2025-11-05 00:00:00",2175,402,2739,"I Can See For Miles",0.99,1,0.99,1,Rock,50,"Enrique Muñoz",Spain,5,"Steve Johnson"
"2025-11-05 00:00:00",2176,402,2743,"Baba O'Riley",0.99,1,0.99,1,Rock,50,"Enrique Muñoz",Spain,5,"Steve Johnson"
"2025-11-05 00:00:00",2177,402,2747,"Join Together",0.99,1,0.99,1,Rock,50,"Enrique Muñoz",Spain,5,"Steve Johnson"
"2025-11-05 00:00:00",2178,402,2751,Primavera,0.99,1,0.99,7,Latin,50,"Enrique Muñoz",Spain,5,"Steve Johnson"
"2025-11-08 00:00:00",2179,403,2757,"New Love",0.99,1,0.99,7,Latin,56,"Diego Gutiérrez",Argentina,4,"Margaret Park"
"2025-11-08 00:00:00",2180,403,2763,Compadre,0.99,1,0.99,7,Latin,56,"Diego Gutiérrez",Argentina,4,"Margaret Park"
"2025-11-08 00:00:00",2181,403,2769,"Não Quero Dinheiro",0.99,1,0.99,7,Latin,56,"Diego Gutiérrez",Argentina,4,"Margaret Park"
"2025-11-08 00:00:00",2182,403,2775,"Canário Do Reino",0.99,1,0.99,7,Latin,56,"Diego Gutiérrez",Argentina,4,"Margaret Park"
"2025-11-08 00:00:00",2183,403,2781,Comida,0.99,1,0.99,4,"Alternative & Punk",56,"Diego Gutiérrez",Argentina,4,"Margaret Park"
"2025-11-08 00:00:00",2184,403,2787,Marvin,0.99,1,0.99,4,"Alternative & Punk",56,"Diego Gutiérrez",Argentina,4,"Margaret Park"
"2025-11-08 00:00:00",2185,403,2793,"Cabeça Dinossauro",0.99,1,0.99,4,"Alternative & Punk",56,"Diego Gutiérrez",Argentina,4,"Margaret Park"
"2025-11-08 00:00:00",2186,403,2799,"Polícia (Vinheta)",0.99,1,0.99,4,"Alternative & Punk",56,"Diego Gutiérrez",Argentina,4,"Margaret Park"
"2025-11-08 00:00:00",2187,403,2805,"Sua Impossivel Chance",0.99,1,0.99,4,"Alternative & Punk",56,"Diego Gutiérrez",Argentina,4,"Margaret Park"
"2025-11-13 00:00:00",2188,404,2814,Insensível,0.99,1,0.99,4,"Alternative & Punk",6,"Helena Holý","Czech Republic",5,"Steve Johnson"
"2025-11-13 00:00:00",2189,404,2823,Collaborators,1.99,1,1.99,19,"TV Shows",6,"Helena Holý","Czech Republic",5,"Steve Johnson"
"2025-11-13 00:00:00",2190,404,2832,"The Woman King",1.99,1,1.99,18,"Science Fiction",6,"Helena Holý","Czech Republic",5,"Steve Johnson"
"2025-11-13 00:00:00",2191,404,2841,"One Giant Leap",1.99,1,1.99,21,Drama,6,"Helena Holý","Czech Republic",5,"Steve Johnson"
"2025-11-13 00:00:00",2192,404,2850,"The Fix",1.99,1,1.99,21,Drama,6,"Helena Holý","Czech Republic",5,"Steve Johnson"
"2025-11-13 00:00:00",2193,404,2859,"Man of Science, Man of Faith (Premiere)",1.99,1,1.99,19,"TV Shows",6,"Helena Holý","Czech Republic",5,"Steve Johnson"
"2025-11-13 00:00:00",2194,404,2868,Walkabout,1.99,1,1.99,19,"TV Shows",6,"Helena Holý","Czech Republic",5,"Steve Johnson"
"2025-11-13 00:00:00",2195,404,2877,"The Moth",1.99,1,1.99,19,"TV Shows",6,"Helena Holý","Czech Republic",5,"Steve Johnson"
"2025-11-13 00:00:00",2196,404,2886,"Stranger In a Strange Land",1.99,1,1.99,21,Drama,6,"Helena Holý","Czech Republic",5,"Steve Johnson"
"2025-11-13 00:00:00",2197,404,2895,"Par Avion",1.99,1,1.99,21,Drama,6,"Helena Holý","Czech Republic",5,"Steve Johnson"
"2025-11-13 00:00:00",2198,404,2904,Outlaws,1.99,1,1.99,19,"TV Shows",6,"Helena Holý","Czech Republic",5,"Steve Johnson"
"2025-11-13 00:00:00",2199,404,2913,"Deus Ex Machina",1.99,1,1.99,19,"TV Shows",6,"Helena Holý","Czech Republic",5,"Steve Johnson"
"2025-11-13 00:00:00",2200,404,2922,"Live Together, Die Alone, Pt. 1",1.99,1,1.99,21,Drama,6,"Helena Holý","Czech Republic",5,"Steve Johnson"
"2025-11-13 00:00:00",2201,404,2931,"So Cruel",0.99,1,0.99,1,Rock,6,"Helena Holý","Czech Republic",5,"Steve Johnson"
"2025-11-21 00:00:00",2202,405,2945,"Peace On Earth",0.99,1,0.99,1,Rock,20,"Dan Miller",USA,4,"Margaret Park"
"2025-12-04 00:00:00",2203,406,2946,"When I Look At The World",0.99,1,0.99,1,Rock,21,"Kathy Chase",USA,5,"Steve Johnson"
"2025-12-04 00:00:00",2204,406,2947,"New York",0.99,1,0.99,1,Rock,21,"Kathy Chase",USA,5,"Steve Johnson"
"2025-12-04 00:00:00",2205,407,2949,"The Three Sunrises",0.99,1,0.99,1,Rock,23,"John Gordon",USA,4,"Margaret Park"
"2025-12-04 00:00:00",2206,407,2951,"Sweetest Thing",0.99,1,0.99,1,Rock,23,"John Gordon",USA,4,"Margaret Park"
"2025-12-05 00:00:00",2207,408,2953,"Bass Trap",0.99,1,0.99,1,Rock,25,"Victor Stevens",USA,5,"Steve Johnson"
"2025-12-05 00:00:00",2208,408,2955,"Everlasting Love",0.99,1,0.99,1,Rock,25,"Victor Stevens",USA,5,"Steve Johnson"
"2025-12-05 00:00:00",2209,408,2957,"Walk To The Water",0.99,1,0.99,1,Rock,25,"Victor Stevens",USA,5,"Steve Johnson"
"2025-12-05 00:00:00",2210,408,2959,"Hallelujah Here She Comes",0.99,1,0.99,1,Rock,25,"Victor Stevens",USA,5,"Steve Johnson"
"2025-12-06 00:00:00",2211,409,2963,"Trash, Trampoline And The Party Girl",0.99,1,0.99,1,Rock,29,"Robert Brown",Canada,3,"Jane Peacock"
"2025-12-06 00:00:00",2212,409,2967,"Love And Peace Or Else",0.99,1,0.99,1,Rock,29,"Robert Brown",Canada,3,"Jane Peacock"
"2025-12-06 00:00:00",2213,409,2971,"Crumbs From Your Table",0.99,1,0.99,1,Rock,29,"Robert Brown",Canada,3,"Jane Peacock"
"2025-12-06 00:00:00",2214,409,2975,Discotheque,0.99,1,0.99,1,Rock,29,"Robert Brown",Canada,3,"Jane Peacock"
"2025-12-06 00:00:00",2215,409,2979,"Staring At The Sun",0.99,1,0.99,1,Rock,29,"Robert Brown",Canada,3,"Jane Peacock"
"2025-12-06 00:00:00",2216,409,2983,"The Playboy Mansion",0.99,1,0.99,1,Rock,29,"Robert Brown",Canada,3,"Jane Peacock"
"2025-12-09 00:00:00",2217,410,2989,Desire,0.99,1,0.99,1,Rock,35,"Madalena Sampaio",Portugal,4,"Margaret Park"
"2025-12-09 00:00:00",2218,410,2995,"Pride (In The Name Of Love)",0.99,1,0.99,1,Rock,35,"Madalena Sampaio",Portugal,4,"Margaret Park"
"2025-12-09 00:00:00",2219,410,3001,"The Star Spangled Banner",0.99,1,0.99,1,Rock,35,"Madalena Sampaio",Portugal,4,"Margaret Park"
"2025-12-09 00:00:00",2220,410,3007,"I Still Haven't Found What I'm Looking For",0.99,1,0.99,1,Rock,35,"Madalena Sampaio",Portugal,4,"Margaret Park"
"2025-12-09 00:00:00",2221,410,3013,"Sweetest Thing",0.99,1,0.99,1,Rock,35,"Madalena Sampaio",Portugal,4,"Margaret Park"
"2025-12-09 00:00:00",2222,410,3019,Seconds,0.99,1,0.99,1,Rock,35,"Madalena Sampaio",Portugal,4,"Margaret Park"
"2025-12-09 00:00:00",2223,410,3025,"Red Light",0.99,1,0.99,1,Rock,35,"Madalena Sampaio",Portugal,4,"Margaret Park"
"2025-12-09 00:00:00",2224,410,3031,Lemon,0.99,1,0.99,1,Rock,35,"Madalena Sampaio",Portugal,4,"Margaret Park"
"2025-12-09 00:00:00",2225,410,3037,"The Wanderer",0.99,1,0.99,1,Rock,35,"Madalena Sampaio",Portugal,4,"Margaret Park"
"2025-12-14 00:00:00",2226,411,3046,"Higher Ground",0.99,1,0.99,8,Reggae,44,"Terhi Hämäläinen",Finland,3,"Jane Peacock"
"2025-12-14 00:00:00",2227,411,3055,Secrets,0.99,1,0.99,1,Rock,44,"Terhi Hämäläinen",Finland,3,"Jane Peacock"
"2025-12-14 00:00:00",2228,411,3064,Eruption,0.99,1,0.99,1,Rock,44,"Terhi Hämäläinen",Finland,3,"Jane Peacock"
"2025-12-14 00:00:00",2229,411,3073,Dreams,0.99,1,0.99,1,Rock,44,"Terhi Hämäläinen",Finland,3,"Jane Peacock"
"2025-12-14 00:00:00",2230,411,3082,Eruption,0.99,1,0.99,1,Rock,44,"Terhi Hämäläinen",Finland,3,"Jane Peacock"
"2025-12-14 00:00:00",2231,411,3091,"On Fire",0.99,1,0.99,1,Rock,44,"Terhi Hämäläinen",Finland,3,"Jane Peacock"
"2025-12-14 00:00:00",2232,411,3100,"Year to the Day",0.99,1,0.99,1,Rock,44,"Terhi Hämäläinen",Finland,3,"Jane Peacock"
"2025-12-14 00:00:00",2233,411,3109,"Fall To Pieces",0.99,1,0.99,1,Rock,44,"Terhi Hämäläinen",Finland,3,"Jane Peacock"
"2025-12-14 00:00:00",2234,411,3118,"A Bencao E Outros",0.99,1,0.99,7,Latin,44,"Terhi Hämäläinen",Finland,3,"Jane Peacock"
"2025-12-14 00:00:00",2235,411,3127,"Um Homem Chamado Alfredo",0.99,1,0.99,7,Latin,44,"Terhi Hämäläinen",Finland,3,"Jane Peacock"
"2025-12-14 00:00:00",2236,411,3136,"Looking For Love",0.99,1,0.99,3,Metal,44,"Terhi Hämäläinen",Finland,3,"Jane Peacock"
"2025-12-14 00:00:00",2237,411,3145,"Sweet Lady Luck",0.99,1,0.99,3,Metal,44,"Terhi Hämäläinen",Finland,3,"Jane Peacock"
"2025-12-14 00:00:00",2238,411,3154,"Feirinha da Pavuna/Luz do Repente/Bagaço da Laranja",0.99,1,0.99,7,Latin,44,"Terhi Hämäläinen",Finland,3,"Jane Peacock"
"2025-12-14 00:00:00",2239,411,3163,"Samba pras moças",0.99,1,0.99,7,Latin,44,"Terhi Hämäläinen",Finland,3,"Jane Peacock"
"2025-12-22 00:00:00",2240,412,3177,"Hot Girl",1.99,1,1.99,19,"TV Shows",58,"Manoj Pareek",India,3,"Jane Peacock"
